이번,시간,인수,분해
수분
우리,곱셈,공식,밀접,관련
곱셈,공식,필요,다항식,전개,필요,공식
당시,전개,이인수,관련
우리,곱셈,공식,기억
다음,식과,다음,제곱,플러스
다항식,곱셈,표현,그때,이쪽,과정,우리,전개
표현
일쑤,분해,얘기,이쪽,과정,인수,분해,얘기
차이점,전개,이상,다항식,다항식,표현,인수,분해,다항식,이상,다항식,표현,수분
이때,당시,이우,방식,제곱,플러스,인수
얘기
당시,인수,분해,그것,표현,의미,우리,이름,인수,분해
여기,말씀,학생,질문
선생,숫자,표현,인수,분해,이것
질문
여러분,당시,이상,다항식,표현,인수,분해,말씀
다항식
다항식,이상,다낭,덧셈,뺄셈,우리
다낭,식도,다항식,포함
다낭,시계,상수,항의
상수,숫자,존재,항의
문자,우리,상상
탈상
상수,항의,다항식,표현
포함
하와이,마찬가지,우리,다항식
표현,우리,수분,얘기,얘기
여러분,소인수,분해,얘기
분해,표현,표현
우리,세제곱
표현
소인,수분
인수,분해,누구,수분,얘기,소수,인수,분해,얘기
여기,소수,소수
이사,소수,인수,구매
파리,소수,표현,소수,이용,인수,분해,우리,소인,수분
여기,수분
우리,다음,인수,분해,방법
지금,얘기
인수,분해,우리
공통,인수
제목,공통,인수
자요,제곱,플러스,xy,gx,yg,당시,수분
문제,생각
여기,각각
공통
제곱,반항
xy
공통,인수
공통,인수,다음,괄호,플러스,yu
요거,전개,제곱,플러스,공통,인수
지와,표현
표현,공통
지라,공통,인수
우리,로또,다음,플러스
여기,psy,질문,학생
질문,대답
곤란,이거,전개
전개
전개
여기,공통,인수
공통
여기,우변,공통,플러스,플러스,와이,공통,인수
플러스
다음,플러스
전개,통째
징거,지와
다항식,다항식,고부,로만,표현
인수
요당,12,수분
수분
우리,요거
인수,분해
이거,처음,공통,인수,어디,어디
여기
요기
다음,ox
다음,공통,인수,여기,여기
수분
처음,여기,여기,공통,인수,우리
다음,여기,여기,플러스,여기
공통,인수
여기
요거,플러스,뒤쪽,자기
이때,통째,생각,전개
자기,여기,여기,이거,전개,이거
다항식,표현,인수
거랑,결과
곱셈,교환,법칙,성립,결과
인수
공통,인수
인수,연습
다음
인수,공식
제곱,102,제곱,이퀄,pa
이거,어디
어디,곱셈,공식
곱셈,공식,공식,ab,아제,고백,제곱
제곱
말씀,인수,분해,전개,수분
곱셈,공식,우변,인수,분해,공식
곱셈,공식,인수,공식
예제,생각
25,제곱,세고,수분
ox,전체,제곱
전체,제곱
제고,제곱,형태
인수,분해,공식,사용
요거,요거
ox,플러스,다음,ox,얘기
다항식,표현,다음,수분
태초,곱셈,공식,방법,인수,분해
인수,분해
이거,곱셈,공식,서다
인수,분해
다음,여러분,곱셈,공식,우변
제곱,플러스,px,플러스,ap,플러스,플러스,우리,표현
곱셈,공식,이거,1000,공식,지만,수분,다항식,다음
인수,공식
이번,에서,우리,인수,분해
생각,문제
제고,수분,문제,여기,모피
생각
고삐,전개,과정,생각
얘기,우리,이식,전개
제곱
다음
여기
다음,라저,다음
마지막
자요,과정,세로
세로,다음,다음
우리
ix,저서,제곱
생각
다음,마지막,ab,ab
여기,파란색,표시,영서,자기,저쪽,액션,그림,애인,이쪽,액상
다음,누구,패지,자기,액상
그림,누구
우리,표현,제법,ap,다음,bx
요거
여기,좌변,방식
이거,시계
방법,이식,수분,사용
제곱,표현
세로,제곱,직업
다음,여기,여기,구두
신경,요육,프로,표현,방법
그것,생각
과육,표현,표현
일과,시도
일과,유기,음수
유기
가정
크로스,로고
크로스,이거,한계,누구
시계,창과
그거,말씀
이거,한계
우리
시도,부가
생각,ox
이것
나라,생각
의구,시도
누구
여기,ex,고영희
이거
이것,우리
여기
시도,여기,이거,섹스,얘기
인숙,은혜,여기
플러스
플러스
다음,영이,플러스
원래,플러스,이음,플러스,마이너스
수분,확인
방법,여러분,기억,선생,이거,인수,시행착오
말씀,이거
마인,고려
과육,보호,마이너,섹스,우리,직감
경우,제외,시도
연습,중요
태초,여러분,필요,우리,개수,생각
원래
이것,개수
이것,이것,크로스,패도
요거,항의,예수,지만,확인
우리,개수,계산
액상,계수,확인,방법,사용
이용,인수,분해
우리,곱셈,공식
ax,플러스,다음,플러스,어디
플러스,이거
제고,플러스,ad,플러스,다음,플러스,bd
우변,이제,인수,분해,공식
공식,이용
이것,예제
세고,ox,수분,문제,접근,방법
요기,세로,세로
개수,방법,경우,우리
여기
다음,고요,크로스,여기
음수
생각,크로스
크로스,여기,유기
계수,확인
이거
이거,시도,이쪽
이거
여기
여기
고려,상태
가능
그거
여기,여기
자의
다음,이쪽,엑스트라
인수,분해,ex,다음,플러스
전개,제곱,플러스,ox
태초,인수,분해,선생,선생,여기,시도,경우
말씀
여러분
그거,여러분,연습,수분
문제
15,다음,플러스,다음,12,인수,분해,생각
문자,고려
계수
15
생각
12
유끼,아이,이쪽,크로스,크로스,여기,12,여기,18
이쪽
생각
여기
원래,여기
이쪽,여기
이쪽,10,여기,18
ox,플러스
인수,불의,다음,엑스트라,파이,수분
15,플러스,18,다음,얼마,10
12,제곱
얘기,시행착오
시행착오,방법,연습
여러분,문제,인수,분해,훈련
자기,자신
이번,시간,인수,시간
기본,인수,공식
중요
수분,중요
사용
이해,생각,이해,연습
음악,얼마,내년
사람,20,여러분,지금,공소,박만,ebs,코끝,수업,사랑,노래,제목,저희,채널,이름
실버,버튼,까지
진경,구면
1993,리틀,엔젤스,예술,현장
가보,베스트,포즈,베스트,포지션,그때,현장
거기,음악,박수,저희,방정식,이유,인수,분해,해결
가능
박수,다항식
다식,다음
35,항이
플러스,마이너스,연결,각각
플러스,연결,플러스,마이너스,플러스,연결
이거,ox,제곱,얘기
제곱,마이너스
여기,조심,부호,가요,제곱,다음,다음
제곱,자체
제곱
글자,차수
차수,얘기,음악,횟수,제곱
얘기
이름,얘기
아무것
숫자
사람,상수
상수항,얘기
사람,항이,다항식
얘기
중요,개념
과외
과외,20
얼마
인터넷,강세,이후,과외
이거,반응,승계,tv,구독자,사랑
박수
12,방식
이거
이거,차수
이거,사람
얘기
차수,식이,제목
여기,만약,세제곱,마이너스,음악,니콜,방정식,이퀄,형태,방정식
우리,방정식,공부,이름,얘기,처음,인수,분해,인수,분해,전개
여러분,전개,음악,박수,음악,bcbc,가로
아무것,얘기,얘기
시작,시작,에이
항이,가루,항이,뭉텅이
전체
얘기
제곱
제곱
요항
단항식
단수,국수
가로,전체,bc
전체,단항식
음악,박수,이거,항이
여기,여기
다항식
이거,다항식,음악,단항식,다항식,과정,전개
항이,고골,전체,한글,낭식,전개,이거,이거,고퀄,오늘,주제,수분,이야기
이름,인수,분해,분해,인수
인수,해고,인수,연결,인수,bc,인수
연결,36,이것,이것,수분
숫자,숫자,소수
소수,인수
홍인,수분
얘기
호불호,연결,각각,인수,인수,다항식,단항식,과정
음악,전개
전개
대한민국,수포,발생,지점,여기
오늘,무엇,항이,상식,방식,풀이,과정,방식,프리,이야기,방식,기본,도구,거기,원활,오늘,학습,목표
생각
감사
음악,박수,음악,이거,전개,얘기,합고,얘기,각각,여기,여기
여기,전개,인수,분해,여기
대항,각각,항의,인수,여기,여기
여기,마이너스,여기,마이너스
여기,마이너스,여기,마이너스
공통,인수,공통,수라,용어,중요,마이너스
가루,생각
다음,여기,필요,플러스,와이드,필요
수분,전개,인수,분해,전개,친구
메이트,친구,원수
반대,로미오,줄리엣,상반,관계
애증,관계,애증,중요
웃음,EX,제곱,xy,부호,동시,인수,공통,인수,보통
공통,인수,xy
우리,숫자,생각
숫자,공통
문자,분만,xy,다음,가루,이제,인수,분해,저기
여기,여기
여기,여기,이상
다음,음악,음악,옛날
시험,문제
중학교,학년,중간고사,출제,다음,수분,정답
얘기
다음,수분
공통,인수,이거
초코,송이,초코,송이,공통,초코,초코,송이,얘기,차수,인수,나중,이익
여기
여기,공통,공통,유수,공통,다음
박수,얘기
얘기
이거
전체,고골
한마디,얘기,합착,고을,수빈
수업,신명
박수,수확,처음,선생,수학,세상,매력,세상
사람,매력
음악,박수,이번,전개
다음,여기,전체
횟수,차수
전체,이것,전개
여기,항이,순서
순서,아까,다음,항도,순서,아까
얼마,제곱,다음,얼마
플러스
얼마
마지막,플러스,얼마,여기,얼마
ox,동류항,종류
종류,동류항,동류항
최종,제곱,플러스,사람,전개,얘기,분해,이야기
인수,분해,공부,전개
본격,공부,선생
공부,전체,제곱,공박,수간,시기,제곱
제곱,얘기,이거
ab,ab,다음,이거,전개,이거,여러분,AB,ab
236,326,여기,ap,정리
여기,ab,여기,ab,얘기,ab
ab,최종,제곱,플러스,ab,제곱
여기
사람
여기,중간,과정,말래,여기,쓰래,사람
필요
방식,원래,과정,필요,저거,이해
대부분,초등,학교,학년,학생,미적분
대치동,미분,미분
공포,영화
아동,학대,시험,수능,점수,학년,아기
이거
이거,전기,수학,정도
엄마,입장,설명,생각,다음,이해,엄마,이거
선생,얘기,얘기
이거
다음,제곱,여기,가운데,문제,기억,여기,다행
생각,여기,생각
원리,원리,제곱,여기,생각
음악,전체,제곱,음악,제곱,얼마
플러스,제곱
음수,제곱,양수
음악,이랑,자리,숫자,문자,문자,숫자,숫자,얼마,문자
여기,생각
마지막,습관,20,음악,우리,수분
중학교,학년,과정,중학교,학년,완벽,고등학교,학년,수학
추천,중학교,학년,함수,다음,고등학교,학년,수학,불편
마음
우리,나라,수학,교육
웃음,오늘,첫날,사랑
음악,박수,인수,분해
얘기,우리,ab,전체,제곱,제곱,ab,제곱,제곱,수분
제곱
제곱,제곱
제곱
다음,가운데,앞뒤,다음,가운데,부호
여기,플러스,여기,플러스,여기,마이너스,여기,마이너스,다음,이거,트라이얼,가운데,확인,플러스,ab
의미,제곱,마이너스,xy,제곱,수분
제곱,제곱
이거,제곱
제곱,제곱,완전,제곱,식일,가능
제곱,시작,제곱
다음,여기,연결,부호,다음,가운데,체크
이거,xy
인수,분해
체크,그거,경우
경우,방식,이용,다음,시간,학생
제곱,마이너스,12,xy,제곱,수분
제곱,제곱,식이
제곱,시작,제곱
여기,연결,확인
수학,성지,영상,인수,분해,음악,박수,음악,연결부,확인
정답
완전
음악,공부,과정,인수,분해
음악,음악,음악,분해,수분
인수,분해
인수,분해
분해
인수,인수
연결,각각,인수,연결,XY,여기,인수,얘기,인수,호불호,연결,각각,인수,인수,인수,xyxy,인수,인수,연결,각각,인수
여기,연결,연결,인수,인수,인수,xy,인수,xy,연결
연결,인수,인수,yz,인수,xyz,인수
여기,인수
인수,구해
인수
전체,사람,인수,연결,각각,인수
인수,분해,분해,수분
12,수분
12,수분,분해,얘기
사람
사람
이거,12
사람
다인,수분
수분
수분,연결
이상
얘기,이상,영어,이거,한자어,소스
소수,소수,01,소수
옛날
비수,학적,이상,숫자,수학,얘기,자신,이외,약수,자연사,자신,약수,약수,얘기,51,사람,자기,자신,약수
소수,자기,자신,만약,자연수,소수
얘기,프레임,넘버,이상,이상
소수,소수,소수
소수,인수,사람,소인,수분,얘기
소수,인수
인수,분해,송인,수분,이것
집중
bc,전개,AB,전개,집중
좌변,bc,연결,인수,인주,연결,항이,낭이
우면,연결
집중
여러분
집중,단항식,방식,과정,전개,전개,전개,다항식,하프,과정,인수,분해
인수,분해,거함,곳곳
수분
수학,전개,인수,분해,방향,차이
수분,합고,전개,과정,수분,합고,과정,전개,얘기
인수,분해,이야기,방향,차이
여러분
전개,공식,인수,분해,공식,공부
고등학교,과정,10,곱셈,공식,수분,공식,공식,전개,공식,인수,분해,위주
여러분,공부
전개,전개,공부,인수,분해,수분,방향,전개,인수,분해,기억,대부분,전개,공식,기억,전개,공식,시작,곱셈,공식,당시,곱셈,곱셈,공식,이야기
완전,제곱,ab,제곱,ab,제곱,사람,완전,제곱,이름
공식,수학
여러분,설명
아무
여러분,제곱,얘기,ab,제곱,ab
계산,전개,시작,ab,동류항,ab,ab,ab,정상,방식,타임,시간,글자,공식,얘기,여러분,시간
공식,암기
여기
여러분,주위,친구,여기
그거,친구,나중,여기,이이,어디,이거
여러분,여러분,얘기,학습,상설,평균,기약,평균,양수,조건,필요
양수일,사용,양수일,여기,어디,여기
전개,공식
박수,완전,제곱,이름,공부
공부
제곱,전체,제곱,이유,에이지,오프라,dabb
얘기
얘기,거제,다음,친구,플러스,마이너스,여기
다음,거랑
동류항,처리,거랑,거랑,이유
원래,이거
거랑,거랑,거랑,거랑,발생
이것,영어,에이전트,제곱,거제,다음,제곱
서술
다음,방식
그것
시작,여기,강산,세계,생각
집중,전체,제곱
시작,최민,마지막,시작,제곱
마이너스,숫자,숫자,xy,제곱
플러스,제곱
제곱,시작,제곱,제곱,제곱
얘기
여러분,다음,시간
여기,음악,opera,ye,음악,수학,공부,내용,공통,인수,이용,인수,분해
내용
이해
여러분,미용실,머리,커트
미용실,처음,보통
선생,경험,원장,머리,부모,기로
머리
비커,자기,아아,20,무료,여러분,얘기,분모,뿌리
부모,제목,공통,인수,이용,인수,분해,요직,처음,분무기,시드,인수,기본,처음,공통,인수,확인,이것,처음
정리
처음,인수,분해,처음,공통
처음,공통,인수,인수,제일,처음,공통,확인,시작
여기,내용,여러분,내용
정리
인수,분해,우리,플러스,플러스,과정,전개
우리,전개,시기
고부,표현,그것,우리
인수,분해
간식,이상,인수,표현,이것,수분,내용,여러분,공부
오늘,인수,분의,공통,인수,이용,수분,기본,얘기
처음
여기,mb
공통
보이
어미
공통,인수
문자,사이,관계,다음,괄호,사이,고비,문자
그것,괄호,당시,인수,분해,완성,얘기
ex,제곱
ex,엑스,비율,제곱
덩어리
덩어리
파란색,ex,밑줄,ex
뒤쪽,플러스
표현
인수,무엇,이용,공통,인수,인수,분해,이야기
인수,분해,기본,여기,여러분,주의,질문
선생,xy,입대,제곱
이것,인수
여러분,이거
12,18
우리
사물
해석,분수,임수,여기
공통,형태,정답,해요,질문,선생
시기,시기
인수,분해,완성
공통
인수,분해,완성,서술형,정답
여러분,기억
최대한,악대,문제
내용,여러분,이해,생각,문제,결함,공통,인수,인수,분해,누리,완성
엑스,플러스,개수,계곡,수분,시기,수분
오염,여러분
대박,여기,xx,시계,수분
수분,무리,인순
머리
공통
남쪽,아테,사랑,얘기,노란색,플러스
우리,얼마,여기
문제,수분
개수,시계,이거,xx,수일,여기,개수,시기,차시,기구,표현,얼떨결,기자
수분,문제,조건,자동,만족
이때
시기,xix,ex
여기,여러분
문장,여러분,필요,얘기
원칙,기억
공통,인수,처음,확인
공통,괄호,공통,인수,인수,분해,오늘,수학
박수아,박수아,의자,우리
대망,인수,분해
인수,분해
인순,정도,어데,서민,느낌
이인수,문의,우리,제곱근,곱셈,공식,중요,중학교,학년,학기,전체,내용,모두,고등,수학,우리,고등학교,학기,내용,약간,워밍업,워밍업,중학교,학년,학기,고요,실전,투입
이거,조그,학년,학기,과정,그때,마지막,수포
오늘,대망,인수,시간,투어,인수,무엇,용어,인수
그릇,우리,파악
선생
이인숙,이야기,설명,교제,보전,앞쪽
이인숙,음악,와인
다음,이상,다음,원작,경우,선생,인수,설명,얘기,우리,중학교,학년,기억
선생,자현,자연수,선생,고배,형태,파계사
이거,수분,소리,이것,우리,약수,이야기,123,고유,계약,생각,주먹,회랑,약수,1236,약수,우리,인수,다라,고도,이야기
내용,기억,약수
인수
어근,이거,대충,과정,약수,개인,생각
약수,인수,수라,내용,약속,우리,언제,숫자
우리,문자,우리,숫자,숫자,보도,표현,선생,만약,어육,also
표현,이놈,인수,약수,업그레이드,약수,포괄,버전,요거,요구,인수,이야기
우리,소스,인수,소수,인숙,글자,소이,인수,이야기
소수,민수,소실,소수,인수,우리,소인수,이야기,본격,인수
인순,공부,표현,일종,약수,느낌,생각,선생,인수,부분
인습,요괴,픽업,선생,이거,전개
우리,전개
후원,귀로,전개
전개
전개,파괴,322,플러스,메이비,표현
우리,전개,얘기
전개
선생,표현
표현
표현,수분,얘기
인숙,전개,반대,정의
수분,항해
나이,연결,항의,자기,수분,포인트
인술,수분
문제
생애
자세,발전,예의,인수
어산,에다,플러스,인수,다음,인수,발단,선생,단어,다음,31,다음,삼매,플러스,연결,침대,주공,학교,합격
카드,던롭,카드,카드
카드
야금,카드,카드,fsb,업소,공개,인수,이야기
en,단원,기대,그거,함수,중식,금란,수분,민수
본격,우리,저희,인수,분해,과정,선생,에다,전개
한문,태그,스텝,스텔,물야면,공통,스텝,테퍼
선생,요거
이것,너희,나중,인수,분해,실수
문양,공통,인수,얘기
선생,전개,전개
요건,피자,상황
생각,공통,누구
유식,공통,인수
공통,누구,공동
아무것,명이
얼마,누구,피난,안고,가운데,플러스,연결
퀴즈,퀴즈,이번,어디,재고,플러스,제국,어업,고생,은혜,어유,시카,공통,인수,웅덩이,공통
ab
매입,공통,누구,ab
가운데,플러스,연결,금치,안고,클랜,사비
구미,이거,인수,분해,거야
봉포,인수,작업
중요,공통,인수,숫자,포함,얘기,환생,ea,제고,공통
ap,공통,여기,러그
게이고
요정
ap,목자,간암
거야
인수,분해,확인,전개,ea,제고,전개,ap,제거,제재
생각
만약,aa,아이,수분
인수,em,epd,정리,am
우리,수분
선생,인수,예수,분해,공통,민수,인수,단계,여기,이것,그날,다음,배우
만약
수분,공통,인수
여기,이상,공통,인수,구하
위배,이상,공포,인수,루프,공통,인수,고야,미자,차야,예외,공통,민숙,이상,공통
건마
meo,이야기
너희,문제,윤거
너희,용하,순성,기억,오늘,내용,복습,이것
친구,사실,다음
우리,문제,요것,문제,다음,선생,다음,모습
그거
사실,이것,사람,설명,사람
블라이즈,생각,특허
세계,음각
음악,음악,음악,수직
질문,나머지,이것,형태
인수,분해
형태
나중,인수,분해,인수,분해,공식
형태,그것,배경
중요,10,숫자
10,우리,이것,팩토리,팩터,우리말,인수,음악
인수,분해,라식,수분
이거,우리,제곱,만약,우리,목과,나머지,제곱,얼마,나머지
나머지,여기,인수,분해,공식
생각,해결책
여기
음악
문제,기서
여기,여기,여기
23,세계
나머지
여기
나머지
우리
여기,나머지
나머지,정리
우리,보너스,처음,박스,11
박스,박스,대신,일자,나머지,우리
나머지,정리,제곱
이거
이것,제곱
개수,생각
개수,나머지,여기
나머지
목도,나머지,기본,나머지
나머지
이것,여기,집어
우리,나머지,개봉,나머지,임시,나머지
목도,임시,모기,임신,나머지,플러스
나머지
정식,나머지
나머지,제곱,나머지,다이,입장,나머지
이식,시작
생각
인수
나머지,나머지
여기
나머지,이것,소리
목만
여기
여기,다음,제곱,여기
이상
인수,분해,방법,나머지,이용,나머지,이용,어디,중요
나중,수위,성질,나머지,방법
이것,이미지,이미지,생각
이미지
특허,음수,음각,표현,이미지
이것,사람,설명,기본,운수,설명,사람
아비,블라이즈,생각
생각,특허
세계,음각
음수,음수,음수,음수,거기
마지막,여러분,댓글
마이너스,12,목과,나머지,11,나머지,문제,여러분,이미지,그거,댓글
음악,여러분,오늘,영상,공식,머리
오늘,공식,방정식,방법,소개
ib,리그,수학,박사,처음,수학
처음,수학,중학교,수분
방정식,수분,144,10,조합
크로스
10,조합,추측
144,정수,조합,조합,부호,조합,10,조합,얘기
조합,조합,경우,공식
조합,방식,주먹구구,그것,공식,재미
문제,해결,방법론,능력
수능,시험,시험,이상,방법,사용,능력
지금,20,고등학교,동기,자리,얘기,기억,성인,아무,셰익스피어,작품,세계,공식,사람,남자,이상,얘기
그때,공식,기억,그때,제외,친구,생각
자리,친구,공식,친구
만점,공부,친구,공식,수능
영상,고등학교,졸업,성인,이공,공식,기억,기억력
학생,이해
실제,사회
시간
소개,방법,방정식,시간,방정식
테크닉,공식,필요
경우
서론
방법
의미,생각
양변,최고,개수,이창화,계수
우리,개수
계수,관계
알파,베타,차기,계수,알파,더하기,베타,부호,상수항,계수,알파,베타
우리,사실,이용
사실,차원,계수
이해,양변,평균,항계,부호
평균,한쪽
영상,초반,10,144,이차식
평균
10,평균
평균,기점,거리,의미,실수,기점,왼쪽,오른쪽,평균
순간
12,다음,우리,144,구나,25,제곱
144,제곱,169,플러스마이너스,13,근인,순서
13
13,513
근인,18
과정,수분,생각
마이너스,144,순간,484,366,248,18,144,수술,조합,한쪽,플러스,한쪽,10
조합,시간,허비
공식,우리,방법,공식,원리,활용,문제
예시
이번,방법,접근
순간,평균
제곱
제곱,16,게네
13
수분,분수,순간
제곱,18,요걸,수분,생각
조합,33
어디,플러스마이너스
18
조합
시간,우리,방법
인수,분해,경우
조합,생각,인수,분해
경우,적용
순간,평균
제곱
제곱,루트,루트,루트
공식,공식
이번,실근,경우
제곱
우리,37,비밀,영상
수분,제곱근,복소평면,복습,평면,단위원,동경,120,240,도인,여기,12,루트,여기,12,12
적용
산술,평균,12
12,12
제곱,루트,가요,방식,방정식,그늘,만능
경우,그늘
공식,이유
공식,원리,생각,그늘,방법,공식,필요
방법,공식,거기,대입,행위,실수,시간,기억
방식,크로스,방식,인수,분해,공식,검산,활용
방정식,그거,실생활,어디
반문
방정식,자체,여러분,문제,해결
원리,이해,문제,해결,방법,고민,과정,우리,실제,과정
본인,문제,해결,과정
기업,마케팅,마케팅,효율
고민,사장,가격,얼마,책정,이윤,극대
고민,환경미화원,거리,낙엽,효율,처리,정책,결정자,시점,정책,정책,효용,최대
문제,효율,해결,능력,천부,부분,사고력,논리,생각,과정,누적,체득,생각
달리기,천부,유전자,훈련,근육,요령,육상,선수
방정식,마찬가지
공식,문제,해결,장탕,내면,원리,문제,본질,이해,문제,효율,해결
부분,고민,수학,정확,실제,문제,해결,사고력,논리
영상,유익,구독
부탁,다음,시간,수학,얘기
감사
opera,ye,음악,수학,공식
여러분,공통,인수,이용,인수,분해,처음
급식,이용,인수,분해,교과서,문제집,공식
인주,수분
처녀,마음
친구,이거,공식
우리
ao,지구,다음
이것,여러분
거지
아낙
연결,고리,선생
이거,칠판
집중
제곱,기대,인수,분의,경우,정리
집중
제곱,제곱,제곱,엑스,제곱,더하기,16
개면,여러분,눈치
급식,형태,개수,유형
계수,절반
이거,절반,얼마
이거,절반,얼마
이거,절반,얼마
xx,절반,그것,제곱
제곱,얼마,제곱,얼마,얼마,16,정리
구매,계수,절반,제곱,이상수,엑셀,개수,절반,제곱,상수,절반,제곱,이상,사항,절반,제곱,이상수,안전,제곱
머릿속,매매,개수,개수,절반,이상수,선생,옛날,개수,이상,복막,연습
제곱,완전,제곱,완전,제곱,완전,제곱,얼마,제곱
처음,xb
연이,제곱
다음,여기,숫자,우리,결정,개수,절반,요거,요거,요거,요거
방법
인수,분해,공식,우리,음식
여기,만약,선생,여기
절반,절반,여기,이면
경우,여기
얘기,제곱,사이,제곱,16,제곱,자세,선생,세분,여러분,얘기
상수
금액,절반,제보,어디,이번,개수,절반,이어,텍스,절반,지급,어디,제거,브록,이식,관련,직업,얼마,제금,우리
제곱,얘기
얘기,얼마,작업
제곱,얼마,ex,제곱
제곱,맥스,16,제곱,싸이,제거
112,이유,제고,미래,직업,제곱
여기
절반,언제
부분
마음,마음,22
유형
위험,여러분,인수,형태,여러분,생각
마지막,설명,유형,만년,급식,이용,공식
여러분
여러분
제곱,잉어,얘기,제곱,16,제곱,과학,25,가운데,선생,머릿속,계산
교육,원리,여러분
제곱,ex,제곱,제곱
제곱
가운데,완전,재고,제국,제국,코펠
얼마,엑스,얼마,cb,20,40
급식,얘기
얼마
직업
요거
부어
플러스,플러스
만약,문제,이거,이거
여러분,기억,이것,얘기,이거,책임
공식,여러분,봉식,이해
선생,분해,여러분,완전,지급,시기,형태,설명,여러분,수학,급식,이용,인수,부대
박수아,수분
분해
인수,분해
인수,분해
분해
인수,인수
연결,각각,인수,연결,XY,얘기,xyz
여기,인수,얘기,인수,호불호,연결,각각,인수,인수,인수,YX,인수,인수,연결,각각,인수
여기,연결,연결,인수,인수,인수,xy,인수,xy,연결
연결,인수,인수,yz,인수,xyz,인수
여기,인수
인수,누구
인수
전체,사람,인수,연결,각각,인수
인수,분해,분해,수분
12,수분
11,수분,분해,얘기
사람
사람
사람
다인,수분
수분
수분,표현
이상
얘기,이상,영어
이거,한자어,소스
소수,소수,01,소수
옛날
비수,학적,이상,숫자,수학,얘기,자신,이후,약수,자연사,자신,약수,약수,얘기,51,사람,약수
수술,자기,자신,만약,자연수,소수
얘기,프레임,넘버,이상,이상
소수,소수,소수
소수,인수,사람,소인,수분,얘기
소수,인수
인수,분해,송인,수분,이것
집중,bc,전개,AB,전개,집중
좌변,연결,인수,인주,연결,항이,낭이
우변,연결
당시,시기
집중
여러분
집중,단항식,방식,과정,전개
방식,하프,과정,인수,분해
인수,인수,분해
거함,곳곳
예의
수분
수학,전개,인수,분해,방향,차이
전개,수분,전개,과정,수분,합고,과정,전개,얘기
얘기,얘기,전개,인수,분해,이야기,방향,차이,수분
여러분
전개,공식,인수,분해,공식,공부
고등학교,10,곱셈,공식,수분,공식,공식,전개,공식,인수,분해,위주
여러분,공부
전개,전개,공부,인수,분해,수분,방향,전개,인수,분해,기억,대부분,전개,공식,기억,전개,공식,시작,곱셈,공식,당시,곱셈,곱셈,공식,이야기
완전,제곱,ab,제곱,ab,제곱,사람,완전,제곱,이름
공식,수학
여러분,설명
얘기,아무
여러분,제곱,얘기,ab,제곱,ab
계산,전개,분배법칙,ab,AB,ab,ab,제곱,정상,방식,타임,시간,글자,공식,얘기,여러분,시간
공식,암기
여기
여러분,친구,여기
대부분
그거,친구,나중,여기,이이,어디,이거
여러분,여러분,얘기,학습,산소,평균,기약,양수,조건,필요
양수일,사용,양수일,여기,어디,여기
이거,전개,공식
이유,존재,이야기,박수,공식,완전,제곱,이름,공부
공부
제곱,전체,제곱,이유,에이지,오프라,dabb
얘기
얘기,거제,다음,친구,플라스마
다음,거랑
동류항,처리,거랑,거랑,이유
원래,이거
거랑,거랑,거랑,거랑,거랑,발생
이것,영어,에이전트,다음,제곱
서술
다음,방식
그것
시작,여기,강산,세계,생각
시작,집중,전체,제곱
시작,최민,마지막,시작,제곱
마이너스,제곱
플러스,제곱
제곱,시작,제곱,제곱,제곱
얘기
시작,제곱,설명
여러분,다음,시간
당시,ea,당시,인수
자연수,경우,약수,용어,사용
24,12,12,24,임수,약속
이때,인수,소수
소수,인수,소인수,소인수,분해,분해,소인수,분해
다항식,이상,분해,최소,단위,분해,가능
자연사,소인,수분,개념,해당,다항식,인수,분해,인수,개념,죽음
여기,넓이,24,직사각형
직사각,가로,길이,24,인순,24,인수,24,인수
다항식,인수,분해
다항식,인수,분해,가능,넓이,이당,직사각형
이때,가로,세로,길이,당시,인소
플러스,당시,인수,확인
플러스,제곱,더하기,전개,의지
인수,분해,전개,당시,과정
단식,다항식,곱셈,연결,덩어리
괄호,단항,이만큼,다낭,괄호,항해,이식,전개
전개
다낭,전개
다항식,문자,곱셈,인수,분해,라인수,분해,다음,이상,다항식,고베,정의
이때,각각,당시,인수
당시,인수,인수
인수,인수
다음,수분,말씀,ab,제곱,당시,곱셈,곱셈,공식,이용,전개
과정,인수,문제,시가,전개
플러스,제곱
당시,수분
플러스,ex,플러스,제곱,더하기,bex,전개
제곱,자의,수면
제곱,플러스,시기
제곱,인순,인수
네모,당시
와인,사위,인수
제곱,인수,안녕
수학,사람
오늘,동주,인수,분해,에다마메,수업
인수
부분,연습,필요
이해,연습
기본,문제,부분,연습
이해
예수
이수근
이쪽
숫자
인숙
이상
수분
12,12
이쪽
제곱
수분
우리,인수,분해
수분,형태
인수,분야,방법
집중
공통,술후
공통,인수,소리
수분
공통
사도,얘기,인수,분해
아래,공통,인수
ex,제고,제고,수분
공통,인수
ex,세제곱,es,제곱,제곱
제곱,마이,다음,제곱,제곱,구요
다음,공통,제곱,제곱,공통
제곱
공통,인수
ex,수분
이상,아무,이수근
제곱,제곱,ex,수분,제곱,다음,제곱
제곱
다음
공통,제곱,제곱,ex,ex,온통
제곱,제고
ex,생각
플러스
인수,분해
수분,수분
수분
공통,인수
영업자,다음
수분,중학교
중학교
abx,제곱,여기,cb,제곱
abx,px,cd
크로스
그것,범위,크로스,pc,크로스,ady
해보면,pc,플러스,ad
가운데,크로스,로고,가운데,bc,adi,xxy
우리,수분,이거,이것,플러스,cy,이거,ex,플러스,diy,소인수,분해,차시,게이,수분,방법
문자
숫자
제곱
이랑
크로스,여기,ex,여기
가운데
이수근
ox,전개
수분
제곱,ox,제곱,ex
방법
어디
맥스,여기
ox,가운데
이수근
맥스
ex,플러스,수분,전개
중학교,인수,분해,방법,저크,인수,방법,인수,분의,수분,방법
곱셈,공식
학생,음식,소리야
ab,블러,제곱
이거,예수,우리
이거,애덕,제곱
수분
곱셈,공식,우리,정확,시계,모양,억수,곱셈,공식,인수,분해,가능,은계,곱셈,공식,곱셈,공식,가능
이거,생각
이거,생각,생각
네모
네모,세모,동그라미,제곱,제곱,더하기,세모,제곱,더하기,동그라미,제고,네모,세모,세모,동그라미,데모,보통,abc,동그라미,세모,동그라미,네모,세모,동그라미
수원,우리,곱셈,공식,서당,세계,영상
생각,다음
네모,명은,제곱,제곱,호헌,세모,제곱,가시,제고,어스,지급,ab,여기,여기,여기,생각,네모,세모,ab,eb
소리
아래,이거
여기,pc,pc
마이너스
can,플러스
정보,종합
이마,pc
여기,삐삐,은자,제곱,제곱,만족,ab,abc,만족,수분,블러,제곱
곱셈,공식,곱셈,공식
저고,27,27,생각,생각
네모,세모,세제곱,요기,생각
네모,세제곱,네모,곱셈,네모,세모,제곱,더하기,세모,세제곱
여기,여기,생각
조기
세무,세제곱,27,요금
세모
제곱,제곱,의지,27,27,세제곱,27
인수,분야,세제곱
곱셈,공식
공식,정확
연습
이거,연습
제곱,사비,시리즈,사이비,cbp,이거,제곱,공식,생각
공식,생각,job,여기
제고,전개
재고,다음,계산
이사,3212,pc,영어,뉴욕
수분,이거
마초,이수근
연습
다음,인수,분야,방법
부근,치환,이용
치환,취향,문자
문자,여기,제고,우리,제곱,단순,라지,제곱,제곱,제곱
시기
차시,개인,수분,중학교,가능
xx,제곱
다음,사랑,파리,ex,여기
만족,수분
해요
제곱,제곱
케어,xs,제곱,플러스,이수근
제곱
공식,플러스
제곱
제고,제곱,플러스,인수,분해,가능,문자,수분,문제
예수,분해,방법
다음,연습
다음,수분
재고,우리,제곱,gx,제곱,31
중학교,예수,공식
xx,제곱
상실,파래,32,gx,여기
라지,xp,기사,수분
라지,스몰,제곱,제고,패기,이해,제고
라지,고민,테스트,플러스,이수근
합창,225,파기,플러스,인수,분해,완료
다음,다음,쟁점
전개
라지
ga,플러스
중학교
에이지,오브
라디에이터,수분,요라,제이,제곱,고액,제곱,아기,100,정리,수준
제곱
이날,ex,여기,토리
100,제고,여기
수긍
기억
모양,치환,고려
변형
변형,인수
공식,이용
합체,공식,이용,식단,인수
수분
아치
이수근
방법,변형
변형,제곱,플러스,11,36
상태,이수근
제곱,더하기,36,제고,bx,36,이면,아해,제곱,생각
액슬,개업
요금
다음,다음,20,제곱
제곱,플러스,제고,102,제고,오호,제고,제고,여기
공식,여기
요기,요기
수분
수분
여기
이수근,방법,변형,수분
변형,공식,사용
기억,다음
판문점,연습
자아,문제,연습,20,제곱,라지,설치,제곱,플러스,요인,수부,여기
여기,플러스,제공
다음,라지,20,제곱,제국,제곱,공식
xd,블루스,플러스,블러,섹스,정리,변형,인수,분해
다음
다음,방법,조립,이용
시기,조리개,퍼블,이용,인수,분해,가능,경우
이용
조립,퍼블,이용
차시,기상,이날,97
문제,사람
적룡,제곱,24,영태
제곱,sex,제고,블러,싸이,플러스,은영
엘람,형태
예전,인수,정리
플러스
형태
이름,형태
플러스
다음,우리,조리,제퍼
은영,대요
1000,요거,구역
나머지,이수근
상수,상수,일자,우리,조립,인수,분해
이상,조립,재배법,예수,그네,시도
작동,연습
자기
수분,구미,스푼,시기,인수,분해,조리,체법
제곱,16,16,다음,12
다음,16,16,영어
우리,음영
개수
다음,유미영
청크
cb,12,어영
우리,수분,음영,플러스,리브,조건
조립,상수
여기
인수,분해,확인,수분,이번
이놈,42,12,형태
수분
조립,12,민영
헤어
헤어,플러스
영아
이놈,제곱,플러스,요구
인수,확인
레이스
xx,32,ox
최종,결과,이거
이거
예수,분해
조립,제보,수분
영심,인수,분해
중간
이수근,확인
마지막
마지막,내림차순,정리
인수,분해,이것,최종,병기,이수근,내림차순,정리,이수근
내림차순,정리
냄새,정리
내림차순,정리
제거
다음,ex,제곱,xl,제곱
플러스,ok
다음
마이너스
아이,패스,패스,플러스
다음,고민
64
문제,대답,공유
육아,아이
아우,인수,기대
202
다음
다음
생각,요요,마이너스,마이너스
제곱
플러스,소유,아이,플러스
여기,제곱,사망
은이,xy,ex,플러스,토리
xy,마이너,섹스,리더,가운데
수분
플러스,ea,아이,플러스,인수,분해
최종,병기
인숙,내림차순,정리,관찰
관찰,인수,분해
인수,분해,방법
방법
자인,수분,정도
연습
연습,여러분,수분
수학,사람,친구,진짜
오늘,여기
음악,음악,음악,안녕
러브
여러분,인수,시간,수분,무엇,인수,분해,인수,분해
10,여러분,인수,분해,저항,설명
한마디,정리,인수,분해,공부,덩어리,표현
다고
여러분,전개,반대말
여러분,우리
전개
여러분,전개
우리,전개,상태,인수,분해,표현
여러분,전개,반대말,인수
용어,형태,인수,분해,형태
인수,분해,덩어리
여러분,파가,개발자,가로,괄호,과로,간호사,얘기
고배,덩어리,한글,우리,인수,분해
여기,고비
플러스
질문,학생
여러분
지금,과로
이과,덩어리
괄호,덩어리
여러분,정리
인수,부분,고베,덩어리,공부,리드,우리
덩어리,여기,인수
인수
다음,여러분,각도,거머리,통로,인수
우리,플러스,플러스,인수,분해
아이,인수,덩어리
플러스
다음,플러스
여기,아고,이해,전체,덩어리,플러스,플러스,여러분,인수
인수,분해,상태
이거,인수,wa,다음,유혹,다음,요거
여러분
23,덩어리,덩어리,덩어리,조합,우리,인수
정리,인수,분해,전개,반대,전개,인수,분해,이인수,정확,형태,수분,생각
덩어리,우리,인수
여러분,자금,여기,정리
여러분,우리,인수,분해
이제,인수,분해,방법
인수,기본,여러분,각각,공통,인수
인수,고등학교,마찬가지,고등학교,여러분,수분
인수,분해
무조건,인수,분해,응수
지금,여러분
xy,익사,가족,공통,의무
여러분,우수,루머
아구,미안,여러분,공통,공통
공통,인수,공통,예전,여러분,분배
공통,다음,괄호,괄호,나머지
항해,선우
다음,정리,인수,분해,형태
인수,처음,수분
공통
시작
자금
자금,공통,인수
누구
na,공통
나머지,여러분,괄호
괄호
장애,afc,가스,플러스
인수,분해
여러분,다음
피아나,aoa,시작,친구,여러분,숫자,무시
공통,12,사람,공통,12,사가
32,adeok,공통,유수
사극,사이비,가족
시계,21
다음,여기,411
여러분,용모
인수,분해,요로
항의,항의
공통,인수
공통
나머지,사람
여기,여기,여기,제트,여러분
처음,마지막,요건,가요,전개
여러분,전개,필요
신기
자금,여기,공통
xl,공통
공통,그대
괄호
요기,요번,나머지,얘기,플러스
여러분,화상,인수,분해,기본,공통,공통,이수,처음,시작
여러분,요기
자금
아이,수분
전이,세미,공통,인수,공통
수분,그거
음식
공식,봉식,여러분,시간,곱셈,공식
여러분
수분
항의,제곱,플러스,ex,파스,요새,공통
이것,야래,생각,공통
공식
공식
급식,여러분
요거,전개
은수,분해
여러분
흥감,ex,플러스,전개,여러분,연습,예일
선생
여러분
나중,문제,문제,전쟁,부채
당장
지급,시기,의심,확인,방법,제곱
가요,제곱,숫자,개수,욕구,가운데,아침,얼마,운정,10,잊어,얘기
반대,오자서,요기,제곱,시기
제국,인지,확인,방법,제곱,숫자,제곱,제곱,확인,아궁이
수분,여러분
수분,카론,공통,인수
이거
여기,여기,여기
여러분,공통
예배,공통
공통,선생,공실
작업,화기,요구,개수
부모,필요,제거,플러스,요기,10,숫자
필요
자금,14,판테온,얼마,얼마,49,49
동백,제국
여러분,결론,전쟁
여러분,다음,가운데,당일
다음,49,신뢰,제고,우리,정리
여러분,자금
보세
멘붕,형태,요거,수분
공동
일단,공식,급식,확인
뉴딜,반디,얼마,삼정,이진
완전,제곱,시기
여러분,모델,문제점,요구르트,문제
개수,가구
여러분
제곱,성립,이유,여기,개수
교수,얘기,수정,구비,통하
다음
ex,모자,다음,플러스
요구,다음,다음,여기,제곱,이해,확인
금용,반디,얼마,제곱
완전,재국,한계
여러분,급식
40
급식,어디
맥스,자금,당인,의제,제곱
단일,곡이,급식
양쌀
부분
나중,이제,49,제곱,사이드,제곱,완전,제목,가능
가운데
작업,방법,개수,여러분,방법,선생,추천
액수,제곱,마커,이쪽,사회,세고비아,음부
그날,플러스,작업,가운데
가운데,에이핑크
재고,시기,문화
경우
여러분,우리,제곱,방법,개수,개수,그거,사이드,생각
여러분,다음,마지막
제어,선생,형태,여러분
복스,인수,기본,공식,공통
요거,예리,인수,문제,여러분,요거
공통
여러분,여기,여기,여기,공통,일수,아이
아이
제곱,제고,여러분,플러스
다음,임금,수분
용기
요기,시기,만약,인수,인수,분해
인수,분해,완벽,인수
운수,분해
제거,여러분,ex
ex,제곱,제보,92
사이드,제곱
요금,여러분,ex,플러스,제곱,교수
플러스,플러스,ead,ix,확인
다인,수분,정리,ex,플러스,제곱,인수,분위
여러분,여러분,선생,설명,완전,작업,이거
여러분,인수,부분,여러분,공식,중요,중요,공식,수분,형태,문제,문제,부분
수분,형태,선생,말씀,문제,인수,분해
여러분,반복,문제,여기,여러분,다음,수분,회로,완전,제곱,완벽
연장선
우리,완전,재고
고고,생각,급식,이직,음식,급식,완성,문제
여기,펑크,구멍,블링크,가요
마크,플루크,제도,문제,자요,우방국
제국,제국,기본
제곱
개수,제곱,개수,제국,성립,여러분,체크,얼마
여러분,사회,16,급식
생애,수분
구식,여기,플러스,심령,여러분,여기,숫자
자금,문제
자부,제금,개수,제곱,여러분,캐치
카페,최고,차이,개수,제곱,방법
여러분
여기,얼마,리즈,얼마
소설
분의,제곱,진양
플러스,제곱,제곱,인수,확인
징역,제공
방법
무과
여러분,사담,제고,플러스,벨벳
다음,여기
반디,여러분,의문,이자,제곱,49,여러분,여기
다음,전개,만사,횟수,28,얼마,49,방법
제곱,방법
개수
목부,얘기,개수,방법,개수,방법,사이트,생각
여러분,그분,구미,여러분,인수,분해,형태
ex,제고
다음,보세,여러분,제우스,ap,신화,28
여기
ea,사시,여기
ap,여기,28
여기,식구,여러분,방법
제공,초보,이때,방법,요거,가운데,여기
지금,문제,요기,상주,우리,가운데
선생,가운데
방법,여러분,제곱
차례,사이드,거짓말
여러분,최고,패서,작품
체험,여기
25,오해,작업
우렁,다음,가운데,여러분,아가
여러분,여기
플러스,제국,여기,백색,15
플러스,10,10
가운데,플러스,100,10,수도,여러분
다음,요기
을제
제곱,이랑,36,제품
자금력,가운데,여기,12,여러분
상수,가운데,방법,급식,조건,은근,이거
여러분
여기,다음,인수,방법
여러분,정리
우리,인수,기본,각항,공통
확인,다음
공통,공식,생각
우리,공식,급식
다음,요번,공식
미래,인수,부나,ceo,공통
공식
공식
최고,제곱,제곱,제곱,여러분,기회,유수,여러분
16,제곱,합천,음식,여러분,공식,사용
다음,보세,여러분,제곱,20,분야,재벌,저가,최고,제공
25,제곱
플러스,주의
25,급수,다음,다음,마지막,시간,여러분,제공,제공,이모,45,생각,최초,공통,수저,공통,이식
요기,경우,비해,제목,제국,합창,시기
여러분,정리
인수,공식,하차,공식
인수,공통,인수,공식,자세,방법,선생
선생,방법,차례,공식
요것,공식,의거,관련,문제
공식,제공,부분,선생,공식
방법,어학
여러분,공통,공식,공식
신기,객사,기본,여러분
방법
방법,검찰,지그재그,부자,이쪽
요거,556,이거,제곱
단원,제곱
라인
다음,이쪽,약사
다음,패자,플러스
자금
플러스
플러스,이랑,플러스
라인
이쪽,라인
다음
색깔,여러분
ex
가운데
보세,여러분,ex,다음
계산
금사,맥스,수분,이것,방법,요가,요로,플러스,플러스
여러분,요거
요거,여러분,선생,방법,말씀
여러분
사이즈
모험,강의,정비,여러분,다음,18,의지
여러분,플러스,빨래
플러스,플러스,마이너스,어디,데님,가운데
지그재그,플러스,플러스,마모루
이기섭,대부분
다음,플러스,가운데,마이하,우스,생각,다음,18,사실
18,수도,이해
여러분,체크,선생,분명
지그재그,이해,58,18,식구
확인
여러분,얼마,올라운드,코엑스,가로,회사,여러분
여러분,요것
방법,나중,문제,계속
다음
마지막,요번
xx
다음
여러분,부엌,라이너
플러스마이너스,다음,할당
지그재그
보세,여러분,플러스,ox,플러스
확인,im,수분,서가,완성
요기,어인,수분,방법
지그,방법
이제,연장선,방법,이유,ex,제곱,개수
특명,54,맥스,플러스,이해,가지,우리,여기,자국,계수,여기,xx
대구,베개,수도,xx,우리,생각,확인
방법,여러분,요번,ex,제곱
아아,ex,기본
다음,플러스,도플러
플러스,플러스,이거
자고
위치,지그재그,확인
섹스,ox
여러분,엑스,수치
베이어
화면,ex,ox,확인
확인,가로
여러분,개수,뚜껑
여러분,선생,말이,말씀
여러분
요고,여러분,문제
요번,제곱,김웅,플러스,마마
바람
여러분,가운
가운데,16
15,10,육수
수분,문제,ex,400,엑스,제국,복음,제곱,xx,보이
가능
여러분,생각,여러분
라이스,백상
다음,플러스
확인
엑스
요건,이거
다음,max,맥스
히로키,마음
여러분,나중
다음,플러스,11,보조,ox,가로
여러분
방법,여러분,마지막,문제
요거,마지막,문제,침착,여러분,ex,522,사회,아이,보세
여러분,아이,ex,ox,아이
이거,여기,여기,생각,보세,여러분,xy,다음,판매,ex,와이,목포,ex
마적,문제,정신,주작,북적,육수,아이,xi,xy,가루
여러분,인수,기본
다음,시간,여러분,여기,인수
요거,토대,인수,분해
토대,변형,인수,분해,시간
오늘,여기,여러분,수고,복스,보스,여러분,강의,도움,구독
부탁
여러분,수고
다음
음악,박수,우리,마지막,소단원
인수,분해
우리,동안,여러분,구간,공부,종합,결국,인수,분해,어인,수분,석궁,중요
초등,학교,구구단,처음,구구단,수학,공부
그것,고등학교,수학,문자,그것,인숙,자유자재
부분,우리,초보,입장
상당,끈기,필요
여러분,적금,기사,처음,공부,요인,수분,파트
이거,극복,다음,다운,시작,끈기,고요
인수,중학교,이야기,의미,상황,이수
테크닉,집중
인수,분해,다음,다음,표현
인수,분해
여기,셀러,인수,분해,여기,우리,곱셈,공식
여러분,곱셈,공식
곱셈,연기,필요
전개
인수,부분
상황,상황,각각,타이틀
그것,처음,여러분,영어,단어
여러분,이수근,문제,자연
하루,이틀,인수,문제,통달
세미,이번,강의,시작,인수,분해,이야기
분량
고요
인수,분해,새내기,정리
여러분,스트레스
프린트,표기,책상
상황
형태,해결책,생리,정리
오늘,경험,경우,인수,분해,공포,미술,최우선,스킬
등장,공통,최우선
다음,공식,적용,여러분,강의,곱셈,공식,제곱,공식,지구,공식,하차,공식,영등,적용,문제
다음,공통부분,꼬리,형태,여러분,시완,이것,우리,곱셈,공식,문제,케이스,고요
공통,인수,공식,적용,스타일,여러분,하음,다음,이거,정리,공통
이거,여러분,작업,필요
문제
플러스,와이,세트
psy
중학교,수준
다음,플러스,와이,공통
여러분
지금,노란색,결실,문자,생각,여기,이거
세트
202,베틀
추진,이건,스타일
다음,여러분,수업,선생,제곱,세지,공부,26,제복
질문
바깥,여러분
소리,여러분,응용
제곱,제곱,제고
우리,제곱,회기,공식
제곱,에쎄,제고,제곱,세제곱,사람
다음,여러분,여기,곱셈,공식,수분,공식,적용,사람,사람,추천
이해,아이,추천
전파,고베,라지,제곱,정도
다음,원래,라지,세제곱,꼬락서니,와인,세제곱
이거,스몰,제고,주고
다음,우리,인수,공식,제곱,더하기,xy,더위,우리,곱셈,공식,이름
오른쪽,플러스,제곱,xy,플러스,우리,우리
이번,친구,변환
마찬가지,라지,생각,세제곱,lif,세제곱,아이템
이거,라지,제곱,플러스,라섹,플러스,제곱
원래
스몰,제곱,스몰,20,제곱,제곱
스몰,제곱,제곱,lyn
플러스
다음,곱셈,무시,변형,여그,여러분,공간,단계,필요
우리,전개
결과,나이,결과,확인
말씀,여러분,2000,공식,교육
제곱,725,시험
자신
수학,안전,친구,자신
이야기
시간,문제
여러분
수학,친구,결국,시험,대비
시간,시험,전이,시험,전이,여러분,등급
여러분
연습
다음
인습
공포,미술,생각,여러분,자유
사람,사람
제공,제곱,xp,경우
해법,이야기,개면,항의,자나
관찰,플러스,플러스,프로,프로필,관찰,방법
문제,플러스,프로,관찰
문제
이번,플러스
이유,제곱,제곱,예제
보이,여러분,우리,초보,제곱,어디,하차,공식
공식,제곱,제곱,거제,여러분,합정,cdr,제곱,제곱,be
여러분,엄마
엄마,합천호
국민,앞차,공식,다음,수분
계속
인수,맥동
플러스,인수,인수,분해
인턴,이번,이야기
공통부분,모양,여러분,강의,전개,연습,공포,부분
우리,수분,전개,다음,인수,분해,전개
수학,기술,자아,제곱
플러스,라자,gx
그림,다음,라텍스,원래
고온,ex,ex,플러스,원래
다음,수분
플러스,여기,전체,수분
이것
마지막,중요,기술
형태,독특,여러분,기억
과로
수다
전개,전개,불식,방법
공급,공통부분
예랑
ex,호저,ex,소조,처음,거란,정리,플러스,엑셀,플러스,플러스
이거,프로톤,문제
공통부분,취한,공통부분,친구,제곱,ox,이해,라지,엑스,취한
전체
에다,플러스
전개,전개
차이,라섹,고베,ex,플러스
제고,플러스,플러스,전체,제목
우리,시간,요인,수분,기초,케이스
인수,분해,연습,요강,부분,연습,다음,다음,공부
음악,시간,수분,선생,인수,스템,리딩,공통,인수,우리,카드
요거
내용,공통
다음,스텝,다음,스텝
다음,스태프
제곱,직인,한국,문제,사람,이상,생각
완전,찬양,이름,적그리스도,수분,이거
제곱,플러스,프랑스,거야
공정
완전,기니,완전,재고,확인
제곱,플러스,사람,제곱,시험,메일,유격수,대박,사건,플러스,제곱,전체,제곱
생각,서버,문제,연기,문제,완전,주모,우디,파악
완전,제거,옵션,제고,플러스,ex,플러스,입법,완전,인물,넥스,제국,고민,코판,얘기,재해,연기자,파형,기대,백수,레저세,비구,업무,생산
문제,우리,완전,제곱,선생
존재,처음,곱셈,공식,너희,지원,조급,주교,더블
언어,검색,업계,작품,xl
음복,일생
이웃,발생,완전,제곱,시기,의심,공소,공포,맥스,전체,제곱
오노,플러스,이해,제고,업적,다음,플러스,ea,전체,제곱
이거
너희
one,전체,조곡,웬디,세제,ex,플러스,전체,제법
우리
이거,제곱,수분
야애,완전,접시
여기,모드
방법,약수,제곱,cbs,계단,바닷물,얘기,완전,제곱,얼마,경우,압수
맥스,전체,제곱
다음,압수,디스,자나,후원,스타,맥스,다음,생활,그거,12,상황,얼마,유격,액셀,얼마,배지,12
여유
순이익,아귀,지수,제곱,여기
얼마,에다,네모,버틀러,무대,디스,가운데,저희,얼마,고려,12,금일,울타리
인사,맥스,전체,제공
세정,부자,고비,생각,제국,생각,선생,여기,만약,절체,제곱,생각
여기,플러스마이너스
거기,플러스,전체,제곱,맥스,전체,제품
그이,제곱,가운데,자국,시계,완전,제곱,의심,완전,제곱,우리,공덕,제곱,10,ex,플러스
주의,cb,검사,레고,여기,16,46,금호역
시작
제곱,다음,얼마,64,보단,건수,미아,미아,16
여기,얼마,제보,플러스,잡곡,기회
선체,제곱
제곱
압수수색,오지수,클래식,xin,전체,제곱,수분,이야기
제곱
하차
sp,정도,무직자,제곱,코피,작업,오크,ea,전체,제곱,13,전체,제곱,요금,수분
23,인수
마찬가지,공식,공동,인수,번데기
문제
am,세제곱
금언,공동,제곱,여기,안단테,제공,마찬가지
인숙
예수,부대
여기,수분,이야기
선생,만약
제도,이거,an,에이즈,23,그때,여기
여기,애인,재고,제곱,표현
여기,제곱,플러스,제곱
제곱
기회
제곱,플러스,여기,in,mile,여기,진짜,수궁가,이야기
흡착,경우,수분
우리,친구,오늘,여기,연습
우리,인숙,스템,인수,언어,안전,제곱,공신,완전,제곱,이면,제곱,누구,압수,누구,누구,파악,질고,만약,하차,금식,계산,인수,분해,결국,짜리,시작
우리,친구,내용,문제,문제,선생,이랑,가음,모습
opera,ye,음악,수학,하위,다음,수계,인수
여러분,칠판,다음
우리,항의,다항식,인수,분해
형태,형태,방법,마법,방법
정리,내용,34,20,여러분,강의,지금
정리
결론
수학,형태,제곱
정리
유형,제곱
제거
비밀,제고,정도,제곱
이번,제곱,ex,제곱,지급,여기,와인,제곱
제곱
제곱
엑셀,제곱,제곱,16,사회,제국,제곱,형태,형태,나머지,제곱,형태,여러분,기억
설명,강의
형태,여러분,공통,인수
뒤쪽,200,공통,100,나머지,플러스,인수,분해,고요
우리,안고,오버,여러분,인수,분해
인수,분해,친구
인수,분해,선생,스토리
우리,나인,경우,구미,나라
아이,누구,제곱,인수,부호,세타,나중,라인,제거,보가,아자
ex,제곱,플러스,제곱,플러스
자만,보관,알라,와이,보가
나머지,얘기,이야기
여기
단계
제곱,누구,부분,부호,플러스,와이즈,구매,사회,제곱
나머지,이야기
우리
얘기,생시,침해,지구
nc
17,급식
얼마,어디,ex,플러스,사회,완전,작업
세계,완전,제국
자름,다음,스토리
우리
ago,제곱,용태,제곱,제곱,형태
얘기
결국,ex,플러스,ex,플러스,마일,수분
경우,마찬가지,인수,분해,마무리,얘기
여러분,문제집
설명
여러분,우리,나라,요리,프로
스푼,숟가락
간장,스푼,당량
정리
정리,수분,경우
경우,제곱,이란
아이,누구,제곱,부호,아이
다음
다음,나머지,의미
구비
다음,결과,우리
제곱,공식,우리,인수,부대,마무리
수학
박수,안녕
오프,선생
중학교,학년,인수,시간,오늘,계속
이번,수분,제고,숫자,여러분,수분
여러분
세제곱,액수
다음
항의
중간,숫자
이수근
체크
범어,자녀,케어,요요
전개
모양
정확
백색,엔드,미미,안녕
다음,제일,기회
숫자,중간,부호,중간
이것,방법
생각
이것
중간
태만,요기,생각
ex,플러스,이거,플러스,요인,다음,플라스틱,아무것,성인
이것
이것
여기
방정식
제곱
멕스
다음,시비,자시,법학,20
이상
이거,여기,중간,숫자,레게
12,제일
항이
사항,라이브,수학,인수,분해
진도
수분,진도
인수,분해
여기,고사
중간,숫자,숫자,사막
중간,여기,숫자
자동
필요
여기사,마오,다음,숫자
계산
학교
xx,숫자,중간,중간,10000,숫자,중간
게임
요것,121,18,이거,가로,요구,xx
18,18
10,구도,983,18
중간,20,11,12,이해
11,이해,소노코,여기,12,히브리
10
18,자동
다음,이것
이것
다음,학교
이거
중간
숫자,수자
501
게임,인수
다음,오이,수분
일자
요건
30,15
자작
xx
다음,히프
사무,15,55,가운데,잔신경
이거,문제
가운데,요요기,숫자,작업자
자동
부모,30,온대,15,플러스
요건
수준,거자,이번
임원,고삐,영원,요건,히프
여성
비부,필요
이번,저거
여기,만나,처음,이거,처음,eb,여기,eb,여기,eb
생각,뽀삐,차례
저희
다음,유건,이해
이하
숫자
302,가일
파머
여기
여기
이번,아까,숫자,요번,모양
중간,엑소,숫자
이거,가로
100,xx,다음,저자,yy,추구,숫자
여기,여기,숫자
유카
이해
중간
숫자
작은
게임,내조
진짜,확인,제거
xy,다음,xy,xy
고파,10000
저것,맥시,제곱,중간,모종,xy
아이
전개
이수근
오른쪽,요구
누구
요것,쿼리,이거
하신
논어,나비,비디오,하신,숫자,조절
24
24,14,에다,히프
다음,다음,살육,24,종류
중간,여기
누구
23,시집
사고
유기,당첨,이때,얘기
숫자,수자
확인,24,작업
정계
대신,필요
요거,모양
여기
숫자
저희
여기,여기,323,얘기,248,영사
계산
처음
제압,맥스,와인
한쪽,제곱,문화
중간,숫자,법학,종류,중간
사역
숫자,중간,숫자,창시자
이거,전개
수분
이거,문제,여기
입시,남초,mm,남쪽,애매
여기,10
외가,애인
여기,시기
제거,게임,작업
엔드
팡이,어조,숫자
무조건
여기,중간,여기
중간
숫자,브라
예매,니코,매매,중간
이것,관계
관계,개수,일쑤,여기,잊어,이라크
다음
요로,계산서,여기,이대호,가역
일자리,과로,수잔
정확,기도,이번,문제
문제
404,사회,사와,유수,분야,만약,요거,요거
제거,아비,이용,요거,그네
여기,중요,포인트
사회,처리,시도,작업,액셀
사회생활
by,사회,도학
지만,가로,안부,반대
회색
배교,요거,나니와,작업
화공,보세,요사,적어,도하
이거,산이,고요,태인
교판,아만,중앙
여러분,학교
숫자
음악,아까,숫자,경우
숫자,경우,방법
무정
중간,사과,무조건,여기,그거
이가희,아까
요나,숫자,가조
요놈
요건,제곱
제곱,개인,제고,제고
종류,제곱,19,우랄
항구
제곱,제곱,글자
ex,ex,요거
하한가
기회
생각,연예,계상,요건,원한
여기,ex,어려움,가론,의미
여기,플러스,경우,외경,반대
여기
여기,여기,중요,포인트,요기,중요
요놈,자체,이수,분야,요거,요거,제고,병태,요건
숫자,가운데,사람
가운데
제곱,인간
숫자
eye,ey
숫자
그때
문제,갈대
한데,비료,액수,ax,bx
문제,완의,여기,여기
문자,내림차순
여기,bx
액상,연결
제곱,다음
ax,내림차순,내림차순,내림,자수,숫자
제고,xls,다음,나머지,아무,103
제고,조금
요거,음료,거기
애저,ex,배역,224,맥스,곱빼기,bx,요정,자연
악의,브라스,이것,ex,aj,제곱,다음,다음,상승,요가,제곱,bx,백스,여기,제곱,100,비애,내림차순
괄호
가로,상태,들길
ex
가로
xi,자사,미움
마야,플러스,플러스,리사,요놈,분야
고백,개수
확인,전개
bx,bx,100
맥스
여기
이번,제곱,입장,소문
여기,역사,여기,이것,제압,제곱,예향
이사,가루,다음,이거,비도
이거,시기,사과,여기,엑스
생각,ex,ex
요기
요기,용기,400
에다,요기,100,ex
가운데,ex,여기,파스,여기
자동
비난,자동,ex
요거
다음,여기
잊어,xx,동정,엑스
기획
이거,라면,숫자,액션,플러스,여기,플러스,ex
생각,자동,자동
사회
여기
반대
여기,가비
반대
이거
인수,분해
수분,열애,문자,문자,통일
통일
복습,의미
이것,내림차순
아침
20,지연,발음
다음,사업
제곱,다음
제대,해명,이해
다음,요인,수분
pa,수건
다음,여기,기분
300
여기,배가
사업
여기,불편,대신,계부,반대
저희,경우,얘기,제곱
소주
여기,베이비
중간
영원
괄호,전개
검토,검사,계산
바위,부자,이마,얘기
여기,102
하스
이쪽,deep
계산,악인,이해
사업
요거
넥스
분양
예수
여기,저희,수분
만다,xa
요소,여기,요거,감도,아기
요건,제거
개선,처음,아까,계산
브라스
아무거,문자
그놈,제곱,다음,제곱,버튼,거기,다음,어부
문제
이번,숫자,이거,숫자,요거,이것
유격수,xex,다음,여기,이것,종류,xx,xx
이거,방법
이거
여기,여기,부하,기도,이거,고려,이것,방법
아까
부조금,가로
엑스,어빙,xx,112,이거
중간,숫자,브라스,자도
제곱
여기,숫자,방법,경우
이거,다음,거지,이거,중간
지금,1986,탈라
자유,학원
자의,얘기
이거,중간,심사
중간,하루
여기
우리
여기,로그,100,예수,분위기
ex,요가,맥스,투엑스,수평,방향
이벤트
처음,요거,숫자,여기,수다
필요,용액,산하
자유
계수
파비오,요여,여기
이후,10,중간값
여기,베이
포털,여기
여기,플러스
자동
중간
여기,생각
백스,요거
ex
여기
아역,전개
전경,요거
이번,문제,이거,여기,이거
군요,162,162,232,여기,중간,숫자
도입,민아
이상
요거,여기,여기
인도
버터,사이
여기
여기,조절
얘기
여기,얼떨결
요기,na,아기,다음,도쿄
여기,제곱
여기
gp,비비
숫자
여기,작업,숫자
이수경
어조,이해,100,이상
숫자,개수,개수
숫자,문자,저거,비도
요구
132,313,릴리
금일,저희,중앙
확인,조건,여기,102
방향
이해
아래,숫자
교구,파미,유기,조이
중간,라면
여기
조것,라면
이번,이거,조조,아까
순서,함해
서원
정도,와이탄
여기,저거
여기
여기,숫자,문제,지점
숫자,이것,방법
방법
이거,숫자,조절
이번,자리
제곱
문제,제곱
저희,제거
엑스,키르케
헥사,작업
문제,이해
고요
치환,치환,해당,지환,교환
이거
액슬,버블티
나중,다음
요가,꼬리,수분
제곱,이거,이수,분야
라면,이사,고용
사파리
여기,여기
어디
요기,우리
처음
248,800
걱정
여기
작업
누구,제곱,더하기,치료
사슴,모양
여기
서버,요번
제곱,사나이,애저
이거,공식,모델
제대,요거,중요,공식
요거,요놈,이놈
다음,요지,이상,최종
차시,여기,제곱
시기,중간,저거,취한
이것,제곱,자체,문자,생각
처음
문제,마찬가지
이거
우리,엑스,이거,치료,취한,티저,법대
시기
유식
요거,이거,티치
이쪽,필요
다음,10
이해,육수,고요
파괴,교육,12,피파,12
여기
자기
엑스,배경
여기,솜털,수분
이거
문제,이거
요놈,여기,학계
140
중간
숫자,이거,벌이
요건,언니,숫자,이것,540
자유,162,232
중간
이해,조작,557
주부,중간,숫자,숫자
이거
여기
인수,분해
시험,문제,문제,시험
문제
대부분,여기,여기,다음,인수,문제
허락
여기,수분,체크
여기
이거
이번,여자,이거,문제,중학교,학년,문제,처음,생각
자리
선도,job
이거,아까,생각
비제,생각,사슴,작업
제곱,ex
에이즈
비자
작업
요법
제곱,직업,자의
xo,출간
순수
열흘,사이,다음,이것,액수
ex,의도
요구,와인,이것
이거
시녀
201
이것,잠은,요건
이거,누구,공식,이자,액수,와의,직업
xy,여기,여기
순간,그때
섹스
와인,전체,제법,고요,ex,적어
요놈,은애,저급,100,와인,피즈
얘기
제곱,최고,100,요놈
ab,전체,제곱
이거,제거,이거,최고
모양
작업
제곱,피자,검토,베이비
64
마지막,이용,마지막,이용
중간,중요,테크닉,요놈,투엑스,모양,요놈,공시가,아래쪽,요건
아기,도하,죠이
양쪽,요놈,판교,중간,중간,인간,전체,제곱
여기
공식,요놈,다음,요거,요것,제고,제곱,모양
여기
문제
이거,프로,프로
머리,시험,사이,생각,생각
비밀,저희,문제
아내
요거,요건,내일
요기,불상
이것,제거,아기,중간,순수
다음,아기,요즘,괄호
요것,12
아기,제곱
공실,저희,요고,도아
10,자기,다이,번호,제거,오일,집안
12,12
220,12,고요
만약,문제,인수,여기,제곱,제곱,제외
중간
412,법학,22
고파,중간,숫자
만일
내이,12,13,10,도안,사저
이거
중간,파스
숫자
프라하,주자,붙임
이거,이슈
29,수분
이거,아래,갑을,고아라,얼마,모양
다음,요거
자인,수분
요거,여기
우리,취한
요거,티백
요것
18
전개
티즈,48
튀튀,자유,48
소유,숫자,100,수첩,플러스
공통,부분,부분
음악,취한,모양
공통,부분,취한
이제,아기,맥스,아기,기도,아기,이럼,수분
업적
문제,학교,시험,인수
그때,무식,인수,분해,이용
백일,증거,백야,제곱
얘기,구요,이해,100,베개,얘기,고요,99,중도
100,얘기
얘기,요기
상승,여기
10,제거
제곱,이것,제곱
만약
회사,3333,국어
처음,문제,만약,선생,구애,제곱,10,제곱,문제
10,101,10
11,120
무식,산하,시작
그때,계산,시간
시간
용어
10,10,리저,거기,가로,11
이끈,자금,요건,백제,라스,100
숫자,계산,최고,중간
그때,이해,베개,제곱,비거,ago,비자
백제
여기,서버,업계,10,제거,베다,가요,10,재고,10,10,전체
해외,제곱,작업,고백
업적,이유,연료
십자가,제거,전체
요놈,10
요거,아르,여기,패기,100
100,기뢰,제거,이거,100,재고,계산,여기,여기
계상,요리
이번,200,도적
다음,요요,100,전개
1000,전개,100,재고,판고,100
다음,젤리,전개,백도,아기,제곱,전개,100,대접,전개
저희,로고
일단,100,저급,자연,요놈
100,200,요놈,100,이번,이해,백주
백제,제품,400
주번
주머니
여기,니다
100,제거,101,고파,201,이거,계산,포병
학교,시험,문제,중간,과정,가로
무데뽀,계산,인수,공식,정계,정계,공식,곱셈
스타일,세요,시험
마지막,거기
자정,사각형,모양,운동장,넓이,아내,운동장,둘레
정사각형
길이
그녀,넓이,길이,만약,리라,이것,에바
넓이,저급
최고
이혜숙,야매
662,36
no,20,어아,556,30,563,30,30,60,숫자
다음,와이어,플러스
ux,화교
우리,아기,oy,해체,고비
길이
도합
정사각형
문제,둘레
둘레,어육,도아,기호
전개,요사,24,21
여기
요놈,유수,모양,다음,요거
둘레
여기,인수,분해,20
시험,경우
40,설날,이거,공부,이거,생각,머릿속,얼떨결,작성
학생
공부,공부,시간
앤디
시향,공부
머리,이상,사람,시험,공부
머리,이상,사람
얘기,전교,꼴찌,전교,꼴찌,리도,시향,공부,코피,자기,얼음,코피,공부,누구,전교
시간,정결
아기,염도,학생
학예,서울,대학,사람,수도,사람,숫돌,분당,독일,유학,사람
상태,유학
사람,옛날,사람,서울대,수업,유학,포기,상황,숫돌,가능
10,책상,공부
공부,머리카락,희망,경우,얘기,마음
도판,마음,공부,사람,결국
서울대,교수,사람,자기,제자,수도,카르,선물
공부,얘기,공부,사람,얘기
보통,사람,필요
공부
사람,마음,서슬,서슬,마음,마음,중증,작동,공부
게임
게이머,가사,근거,경우,친구
게임,친구,올해,횟수,공부,시간
토카,아무것
공부,시간,사람
여러분
올해,여러분,요구,기원,하진
참수,어휘,학생,걱정
염려
방송,이창수,발아래
함수,수거,다양
여러분
사람,행복,오늘,강의,여기,수고
연휴
대학생,학생
opera,ye,음악,수학,내용,인수,분해,공식,인수,방법
여러분,이인수
자인,주부,단계,여러분
이거
어디
방정식
방정식,기본,as,제곱,bx,아기씨
우리
시기,우리,인수,분해
식인,상태
방정식
방정식,대표,수분,프리,인수,방법,인수,분해,공식
미인,문제집,교과서
우리,해석,제곱,bx,시비,엑스
우리,상태
목적,특징,우리,가요
xx,상태,생각,대구,인수,결과,과로
생각
제곱,전개,구비
숫자,숫자,개수
상수
숫자,우리,개수,산수
얘기
제곱,경우,아이,게인,튜브,생각
다음,산수,의사,미간,얘기,숫자,얘기
플러스,13,이거,xd,이거,산수,항의
개수,생각,여기,사이,엑스터
경우,계수
우리,인수,결과,여러분,애벌,전개,우리,방법
고비,항의
다음,고비,플러스,이윤,부어
플러스,플러스,이거,플러스
이종희,결과,엑셀,개수
결과,지금,xx
결과
결국,다음,방법,우리,상수,대구,생각
다음,가로,여러분,차례,우리,일반,인수,브레이,방법
공식,나열,설명,증명,여러분,인수,방법,터득,누구,정확,목표
경우,소스
소수,경우,생각,ex,48
연습
48,인수,우리,생각,절댓값,48,148,24,다음,36
얘기
우리,연습,필요
40,여기,이유,만약,경우
얘기,결국,48,얘기,결국,48
얘기,48,얘기,48,걸리
결과
우리,이상,수학,음수,부호,생각,다음,차이
일과,48,47,차이
우리,고비,48,부어,생각,차이,생각
우리,다음,생각
비웃,덴버,얘기,절댓값
10,가로,플러스,인수,분해
선생,중학교,학년,유형,100,문제,이상,기억
여러분,우리,영이,지역,생각,마아,여러분,인수,파트
마지막,문제,정도,정리
가능
고비,이거,합의,플러스,플러스,플러스,플러스,여러분,인수,분해
오늘,수학,인수,중요,여러분,문제,연습,선생,숙제
박수,opera,ye,음악,수학,공부,내용,이상,다음,인수,분해
내용,경우,우리,수학,선생,고민
교과서
문제집,시마,문제집,선생,내용,정복
여러분,내용,고등학교,등장,그때,지금,기억,유용,내용
문제,제목,하위,이상
하위,하락
다항식,인수,분해,우리,기존,인수,공식
공통,인수
보통,항의,공통부분,치아,우리,인수,치환,형태
항의,이상,다음,수분,해법
해법,제시,해법,풀이
하위,이상,문자,이상,xi,이상,문자,문자,문자,내림차순,정리,순위,아보,차수,여러분,문자,문자,내림차순,정리
문제,해당,문제
공통,인수,인수,공식,이용,인순,마지막,내용,이야기
여기,내용,임의,문자,내림차순,정리
시작
문자,이상,이상,아보,아이
동차,차수,한문,정리,내림차순,정리,제국,다음,다음,내림차순
착수,부분,여기,플러스,나머지,플러스,ey,플러스,파리
우리,정리,내림차순,정리
다음,프리
인수,분해,공식,이용
여러분,인수,분해,공식
우리,인수,분해,공식,공식
여러분,제곱,더하기,ap,플러스,플러스,공식
제곱,16,경우,수분,by,너스,16,합의,두수
여기,유비
이용
여러분,문자
얘기
부분,우리
제곱,제곱,여기
비교
제곱
여기,산수,항의,16
표현
음수
마찬가지
우리,16,생각
우리
인수,분해
이사,다음,결국,부분,22,수분,얘기
여기,상태
어디,진우,결정,개수,결정
여기,플러스,마찬가지
결과,유비
여기,와인
24
생각,한식,인수,분해,스텝
여기,아무것
플러스,결과,가루,플러스,22,플러스,여러분,인수,분해,문제,와이드,상수,id,상수,인사,다음,오른쪽,나머지,한식,xy,상상,bcd,개수,수상,수학,bc
결국,abcd,41,플러스,12,공부,파리
여러분
수학,항의,이상,문자,이상,다음,문자,문자,내림차순,정의,만약,문제,차수,문자,내림차순,정리
정리,우리,마지막,부분,탄수,취급,레고,인수,분해,우리,불편
다음,개수,인수,분해,수학
박수,제곱,플러스,30,수분
제곱,필요
30,우리,친구,예상
플러스,여기,음수
플러스
인수,분해
정리,정리
음악,우리,학교,수학,방정식,정수,개수,음식
방정식,문제,일반,인수,분해,그늘
음악,채널,인수,문제,권법,암산,수분,그늘
반면,방영,시기
중학교,공식,사용,그늘
이상,방정식
일반,공식
교육,과정
우리,수도,이용,조리,비법,사용
차수,인수,분해
이번,영상,일반,스킬,집중
여러분,다항식,사용,스킬,상소,약수,생각
문제
여기,법칙
정수,개수,다항식,유리,수건,방법,정리
정수,개수,음식,리수,윤은혜,이번,애인,최고,개수,약수,상소,악수
수업,시간,선생,스킬,사용
명제,정수,계수,당시,그늘,가정,fu,대입,다음
분모,양변,an,제곱,시기,다음,정리
좌변,우편,마지막,하늘,이양,이번,등식
번식,항의,다음,항해,다음
정수,정수,영산
애인,and,제곱,약수,an,제곱,약수
음악,생각
애인
애인,nan,약수
설명
과오
서로
오해,직업,약수
약수
제곱,약수,여야,on,나머지,약수
논리,애인,ama,악수,의약
정숙,다음,유리수,최고,개수,약수,상수,항의,약속,고려
명제,의미
명제,가정,유리수,그늘
유리,수군,최고,계수,상수,의미,방법
유리수,최고,개수,상수,관계
만약,최고,개수,약수,플러스마이너스,리무,유리,숙우,은유,정수,내면,이때,이정수,상소,약수
우리,정수기,다항식,문제,최고,개수,경우,상수,약수,근해,후보,문제,판단
이외,여러분,스킬
xa,대입,개수,나무,모르,개수,방법,개소
인수,분해,여러분,tv,댓글,수업,여기,음악,음악,여기,고차,시계,문제
문제,91,문제,우리,그동안,본과,나머지,응용,고차원,인수,분해,비법,기법,시간
우리,푸시,이거,통증,어디
91
이것
캐멀,12,회계,서구,불안,숫자,배구,이것
우리,100,구루,마음,이것,패기,10
결국,국가,10
나머지,10,나머지,나머지,90,우리,10
90,91,우리,자란,나머지
무자,나머지,나머지,90,숫자,90,아기,90,얘기,여기,필요,90,91,나머지,교회,여기,지은,설명,나머지,끄적,목숨,플러스,거기,이것
나머지,우리,나머지
우리,연시,나머지,아이템,숫자,92,11,숫자,정식,나머지
우리,임시,나머지,여기,10,10,실질,92,구심,하단,여기,90,한몫,나머지,이것,얼마,10,11,10,과일,거지,나머지,이브,91,11,나머지
이거,나머지
리더,91,10,안보,우리,10,진수,이용,10,친서,이용,91,10,나머지,이쪽,반향
이것,10,진수,천안,90,군대,10,제품,군대,얘기,구도,자체,나이,아스,10,아이린,은해,계획,10,21,10,11,아가,12,묶음,악기,이것,10,진수,예전,로즈,해당,만약,인수,용수,행운,빙수,진수,상관,숫자
진수,진수,진출,90,90,90,의미,90,91
다음
시기,진수,부분,free,어휘
이거,우리,댄서,공식
시기,나머지
우리,생각,숫자,개념,생각,음악,음악,ver,음악,opera,ye,음악,수학,이용,인수,분해,파트
여러분,시중,문제
이인수,분해,공부
여러분,문제,인수,공부
뒤쪽,문제,페이지,단원,종합,문제,이름,최종,정리,파트
문제,이상,10,거기,고난도
고난도,파트,문제
시험,얘기
문제
인수,분해,공식,이용,다음,계산,해제,부분,30,제곱,여러분,이제,강의
30
얘기,29
우리,제목,인수,분해,공식,이용
공식,이용,기본,각각,항의
우리,인수,공식,제곱,영입,제고,용제
수분,결과
공식,이용,문제
매치,여러분,매치,인수,문제,수중,경우,경우,제곱,생각,경우
기본,제국
죠이,우리,시선,수분
여러분,포인트
우리,계산,다음,다음,126,16,15,얘기,요구,100,899,이거,친구
우리,문제,접근,제거,브로,생각,제곱,백업,제곱
부분,재고,제곱,제곱,제곱
시선,필요
우리,제국,제곱,브레인,제곱,시선,필요,얘기,우리
age,제곱
생각
각각,생각,얘기
우리
산물,처음,차례
에지,가요,확인
우리
마지막,생각,마지막
정도,생각,29,제국
일과,29,의의,29,마지막,마지막,13,10,30,까지
느낌
느낌
계산
얼마,다음,방법,분모,계육,어디,까지
30
부분,29,30,29,28,다음,마지막,30,30,30,29,이야기
우리,공통점
분모,분자,자다,부모,분모,분자,자가,자라,연속,반복,얘기
규칙,다음,개선
가능,가능
약품,여기
다음
느낌
역시
업종,상태
다음,뒤쪽,이것,주위,약품,29,30,얘기
누구,28,29
부모,28
결국,분모,30,32,링거,31,32,이야기
결국,최종,다음,약품,마지막,30,31,우리,정리,문제,출제
이것,여러분,계산,60,31,여러분,형태,문제
오늘,수학
인수,형태,우리,등장
모르,생각,제곱,생각,급식,제곱,여러분,공식,적용,문제,수액,정리
박수아,합의,태고,아래,고비,블로,우리,인수,분해,이야기,반대,경우,전개,이야기
계수,xa,xb,형태,중요,상수항
상수항,주스,합의,형태
계수,형태
괄호,숫자,숫자,상수항,인수
18,18,계수,선택
부호,결정
마이너스,플러스,수분
문제,보통,종족,종족,선생,얘기,지금
이름,이름,등장인물,제트,자리
아이,대신,와이드,신의
제곱,제트,대신,xg,고베,제트,재신,my,다음,제트,제고,xd,실의,와이드,이상
이식,이식,체식
여기,시계,시기,22
여기
여기,제트
아이,다음,여기,바람,우리,자리,제트,아내,자리,전체,10000,부채
자립,아까,선생
구조,자체,게임,순환,구조
파밭,제공,무시,xy,제트,제트,엑스,xy,xy,제트,제트,엑스,특이,구조
대답,지금,문자,문자,자리,전체,시계,부호,아이디,이름
우리,면교,대식,교대식,교재,교대,제트,증명
상수,파도,여기,제곱,yg,바이,아이,이상
여기,제곱,와인
여기,제고
어부,요거,10000
여기,10000
문제,동안,교대식,구조,자체,순환,구조,제트,제트,윙스,xy,와이즈,책사,순환,구조,나머지
대신,와이드,노바,플러스,대신,제트,여기,xylose,다음
ix,daily,제트
여기,파마,여기,여기,세트,세트,아빠,제트,와이즈,다음,여기,판매,제트,xx,세트,예식,시기,교대식
교대,교대식,캣츠,제트
치지,숫자
여기
여기,제거,제곱,여기,제곱,아이,누구
관내
지금,증명,내용,상위,중앙,도전
xy,에트,제트,라바,게임,선생,결론,식이,만약,만약,교대식,그대,수분,제트,제트,결론
지금,증명,수분,증명,요금,데이트,제트,얘기,증명,필요
우변,이때,양변,대신,대신,님의,여기
용의자,이온,연령
우리,fxx,넥슨,제트,증명
인수,동의,제대식,교재,시기,만약,대신,와이드,50,이식,10000
xd,신의,대신,엑소,제트
교대식,성립
성립
성립
엘자,fx,아이,제트,fix,제트,얘기,성립
거기
목표,의식
yd,신의,ydg,02,마음
fxx,제트,fxx,제트
양변,우리,아내,예제,거지,인수
우리,만약,제트,인수,증명,아까,방식,제트,인수,증명,아까,요것,방식,fx,지식,인수,분해,인수,분해,yyonly,제트,제트,증명
자방,우리,문제
모범,답안,우리,xy,제트,우리,경우,정리,문자,정리
정리,정리,제트,정리,정리
정리,나머지,숫자,취급,조상,수치
케이트,상수,취급,카페,다음,애드,와이즈,제트,제보,다음
저급,시트,다음,제부,제트,정리,캣츠,어디,와이즈,제트,제트,공통,제트,제트기,시트,유아,세트
공식,수분,여기,위트,에트,나머지,발탁,괄호,인수,분해,시트,다음,여기,xx,최종
시티,다음,여기,세트
순환,구조,제트,여기,앞뒤,제트,다음,우리,교대식,이용,결과
선생,오늘,교대식,얘기,구조,대신,확인,인수
이거,이용,시험,시간,적용
악자
이광재,여러분,전개,인숙,공부
이거,이것,고등학교,학년,과정,전격,인수,분해
그때,공부,과정,공부,여러분,공부
저희,이거,아정,개인,수분,과정,공부,제이,전기,인수,분해,공부,고등학교,과정
고등학교,연관,공부
jr
고등학교,과정,순수,중학교,과정,이야기
얘기
전개,ill,공부,전개,진주
중요,사람,항모,11,이란
플러스,연결
연결,플러스
전환,죽음,얘기,아스,연결,각각
얘기
플라스마,02
제곱,플러스,ox,플러스
이것,안항
다이,얘기
하루,어깨
사람,당시,10,얘기,마리
사람,다항식,얘기
플러스,연결,얘기,기차,입자,기차,기차,연결,부분,여러분
여기,기분,요하,전화기,부분,플러스마이너스,생각,각각,객체
여러분,여러분
알바,사이트,제곱,한계
개수,얘기,한계,이것,얘기,한과,연결,플러스,교우,얘기,이것
얘기,항의,인식,사람,한국식,여러분,단수,복수,이야기
반항,얘기
인식
다항식,얘기,이거,다낭,시기,다음,음식,포함,보통,사람,다낭,식도,당시,얘기
다항식,항의,이상,당시,특별,사람,방식
얘기
요거,중요
한국,연습,필요,해제,온몸,이야기,여러분
이거,300,플러스,머치
여러분,대답
한강,얘기
이때,얘기,얘기,제곱,얘기,가운데,얘기,절반,이상,화이
얘기
그때,여러분,수학,시작
얘기,화이
얘기,항해,기준,플러스,분기,주의,저희,얘기
of,제곱,라이
결국,ox,제거,사항,가운데,ui,마지막,플러스,다리,얘기,고액,않아,고대
플러스,이것,플러스,얘기
이거,여러분
존재,제곱,캐릭터,설명,에이지,ead,플러스,피해,제곱,학생
이거,얘기,잘못,얘기,설명
여러분,교과서,자체,음봉,학생,얘기,여러분
여기,가운데,플러스,가운데,플러스,공부,얘기,얘기,이야기
여기,브라스,생각,생각,매장,얘기
플러스,얘기
이거,사람,얘기,대답
ol,얘기,얘기,중요,이야기
결국,요소,테러,스마,얘기,플러스,연결,각각
플러스,연결,각각,이야기
전개,인수,분해
여러분,전개,수분,전개,인수,여러분,정도,전개,인수,분해,정비,제곱,플러스,엑스,직업,사이트,플러스,여기,플러스,과정,사람,전개
이거,정확,전개,여러분,이하늬
매직,완결,각각
거야
당시,기저
오른쪽
사회,아이스,시작,플러스,시카고,다항식
전개,전개,당시,과정,전개
일어,항이,항의,전개
액셀,다이어트,기구,예상,북방,분배,플러스,985,정보
한마디,당시,다항식,호칭,이자,전개,얘기,요거,여기,당시,기자,사람,분해
일부,분해,이것,인수,먼지,일쑤
인사,사람,인수,인수,인수,연결,파괴,인수
abc,인수,고삐,아이스
응결,수비,인수,루이즈,에이드,인수,인수,인수,ab,베일,여기,걸음,pc,adc,유지,야인,영어
요것,거지,32
프랑스,연결,각각,이거
시자,조것,300
인수,일요일,수육,이인수,10,연결,여러분,30,지렁,분해,아바,수분,30,희성,자락
이것,버피,31
바이오,96
30,올해,거야,구매,거부,공부,이것
30,과정,사람,인수,무대
소스,합성,수라,소스,자기,자신,이외,약수,주야,10,13,17,마려,거야
소수,자신,이외,약수,숫자,사람,소수,소수,사람,합성,수라
나중,이야기
수락,합성,수단,고파,기록,얘기,특별,30,인수,이것,30,소인,수분,이것
손석우,인수,분해,하드,소스,인상
얘기,소스
함성,수수
325
소스,인수,분해,과정,사람,소스,소인,수분,이야기
사장,인수,분해,고무,불어,연결,각각,이수,플러스,연결,연결,각각,인수,연결,사람,인수,분해,연결
이거,고무,연결,사람,일부분
식객,당시,학자,과정,시제,수분,전개,과정,순회,과정,과정,얘기
이미지
시자,일주문,전개,서울,서역,전개,인수,배도,얘기,구요
전개,이거
기본,전개,전개,분배,국내,업주,배분,법칙,100
일반,분배,법칙,분배,법칙,얘기,국내
분배
헤어
종교,얘기,불대,치약,법주
여기,이것,구요,인수,여단
서고,파괴,연결,인수,인수,여기,숫자,여기,여기,오페라
얼굴,시작
지금,다음
비라,시작,플러스,피자,플러스,플러스,플러스
임하,라스
여기,숫자,고역
과정,분배,법칙,명이,여기
얘기,여기
여기,연결,소화,얼마,시작
에다,흑발
300
300,자유,사람
나이,사람,이지마,플러스,플러스,개념
그때,이제
이거,분배,법칙,성능,xr,아이,가요
이브,레고,분배,복직,전개
여기,한국
시작,여기,항의,묶음,묶음,가래,보패
가루,과로,가루,한글
음반,조심,시작,플러스,화장
아이스
장인,ex
얘기
다음,재앙,노우,아이,에다,이자,ay
고등학교,학년,재수생,자기,고등학교,선수,흥분,함수
생각
친구
딜런,자라,학생,수학,학생,이거
흥부
학생,얼굴,여기,eb,파일,체험
연결,결정
각각,하늘
기본,전개,음식,다항식,형태,전개,시간,작업,암기,얘기
사람,곱셈,공식,전개,공식,얘기
여기,예제,공식,공식
제곱
여러분,완전,제곱,시기,제자,설명,이거,한지
50,마야,30
이것,중요,완전
완전,기공식,교과서
교과서,해석
사람,사람,기억
플러스,가운데,가운데
기억
공식,기계,어깨,기억
에지,사람,완전
생각
거랑,거랑,전체,제곱,전개,방법
열전,제곱,시기,이야기,피해,전체,작업,얘기
원래,ab,구입
수학,제곱,중학교
제곱
전개,정리,시자,전개
전개
제곱,결국,ad,플러스,가운데,농가,피해
예비,상관
결국,제도,제곱,에이지,오브,라스,제곱,음식
이것,기억,영어,iib,제곱,플러스,비디오
기억,거랑,제곱,항주,기자지,관련
제곱,아웃,종료,평균,요항,당과
어디,제고
다음,다음
판단,거기,이익
아이,이랑,거랑,거랑
생애,다음,마지막
선생
225,아이,전체,제공,가운데,고파,누나,지급,인장,얘기,플라스터,상가리,제거,보행,다구,얘기,다음
er,개발,결국,이랑,파리,소파,오페
여기,생각,아이,생각,마지막,기억,구요,여기,지만,플러스,한글,제고,어젯밤,플러스
여러분,225,아이
마야,diy,지급,제어판,이거
작업,완전
ab,전체,전체,암기,얘기,위험,발상
계산,얘기
여단
루트,flag,거기,완전,제곱
여러분,루트,플러스,세계,21229,계단,주의,재고,판매,31
가운데,항의,강령,플러스,신경
이자,기획,직업,느낌
여러분,얘기
가요,nx,코사인,레이스,얘기
일상
방법,이것,제거,이것
이거,이거,이거,일자,기대,이거,사과,직업,쟁취,핵심
여기,신경,제거,이랑,제거,테다
느낌,사람,시자,완전,제곱
이야기
이야기
정리,방법,완전,급식,정리,방법,거제,판다,직업,직업,얘기
여러분
벡터,제곱,플러스,이해,인수
이중
여러분,공부,학생,완전,접시,여러분
완전,작업,사람,사람
완전,제곱,이해,과정,필요
제곱,제고,플러스,ead,플러스,직업,전개,과정,이수
인습,하락,변이,워든
여기,연결부,전체
얘기,유일,방법
가운데,항해
다음,고백,확인
이거,이거,직업,이거
이거,이거,플러스,얘기,여기,gr,기적
이거,이거,이거,면역,여기,브라스,묘기,theres,직업,ix,플러스,여기,여기
이거,직업,이거
얼마,제곱
이해,이랑
이놈,인수,매각,이것
엑셀,제곱,scb,xy,플러스,아이,전체,유담
이것,전쟁,이거
저술,체험,ex,루주,시온
선생,우주
생각
생각,액세스,제어,얘기,아이
다음,연결,부호,거제,미안,결과
이거,이거,이거,지급,사나이,졸업,다음,배터리,기획사,32,gb,10012,악수
여기
이거,전개,전개,전개,막내,전개,이거,정리,전개,부탁,연습,이거,정리,저거,그때,입상,조심,마야
제공,얘기,플라스크
얼마,이번,직업,반월,오버,다음,에다,정리
사람,마찬가지,이것,작업,얼마,응시자,25,제거,파가,얼마
파리,10,노트,결론,시작,28,10,무투,사람
이번,주변,반대
사람
이거
마지막,다음,연결부,여기,작업
확인
이슈,이거,제곱,이해
25,오해,유술
이것,완전,제곱,완전,제곱
작업,아기,작업,사회,가운데,연결,제공,이거,구획,제보,224,32,마니아,12,제곱,지급,하와이,직업
ey,전체,제곱,완성,완전체
여기,고등학교,과정,중학교,과정
제곱,지급,시기,이한상,완전,얘기
급식,대기,시기
완전,시기,완전,정식
액셀,제고,10,플러스,메모,완전,상상,완전,상상,필요
기억,이창,예수,자리,개수
10,12
개소리,12
12,얘기,이거,제곱
제곱,상상,얘기
계수,여야,계수,제금,남자,도사,선거,기억
절반,다음,제곱,한계,시기
전자
이거,쪼가리,이거,완전,아까,인습
다음,연결부
중요
이거,발간
오징어,25,찻잔,서울
얘기,기억,완전,제곱,수학,제곱
기억,입안,직업
여기,쪼가리,제고,이자,예수
계속,말씀
선배,아이,플러스
여기,완전,상상,어디,당시,이자,개수,의자,개소,제고,아래,제거,아랑,시작,플러스
생각,선생,강조,내용,강조,내용,제곱,플러스,파리
10,플러스,내보,완전,44,이입,제곱,플러스,20,플러스,완전
문제,직업,바래,우리,직업
계수,만발,직업
문제,사회,이자,수다,여기
하루,사랑
얘기,플러스,20,21
오버
사회,20,다음,여기,작성,예수,문제,처리
직업
제곱,이거,자리,반해,복무,브라스,외반
이것,직업,이것,제거,분말,얼마
사군,제어판,25
다음,전개
플러스,20,정자,얼마
25,정쟁
예수
고등학교,와중,개선,효과
완전,증식,상상,상승,완전,제거,얘기,상승,합격,이자,조망,기억
제거,이야기,필요
시작,36,반이
31,지급,시기,선생
얼마,일반,얼마,이후
제곱,시야,사회,아악,중요,중요,선생
액수,플러스
현재,예수,파일,exif,아이스
필요
이놈,직업,인사,필요,제정,어기,파괴,ex,시장
파리
성진
파르,이것,마찬가지,개수
12
다음,여기,작사,얘기,작성
바니,얼마,제어판,필요,다음,여기,상수
이거,전개,예고,전개,얘기,정리,시자,12,정리,완전,제곱,시기,상소,제고
공식
공식,공식
음식,이름,학과,공식
과정,전개
제곱,이거,정리함
이것,전개
고파
얘기,시자,ab
비랑,게이,시자,플라이트,비해
마지막,플러스,비락,비랑,플러스,비랑,제곱,정리
플러스
이자,에이지,비정
얘기
이것,암기,암기,아까
가운데,연결,방법
이거,합의
이름,아까
여기,여기,이자,기억
지구,기억
부탁
자금
연결,형태,형태,결과
거즈,이거
ex,플러스,ex,플러스,사람,연결,개설,결과
이때,아사미,얘기,여기,마야,얘기
사회
애플,지속,입양,파이어,직업
액셀,직업
직업,제곱,마리나,계획,플라타,지급,시장,플라스크,청장
이때,가공,시간
얘기,거제,느낌,기억
거지,마이라,스킬
아이,마약,남아,루트,플라이,루트,50000
이것,제곱,거지,감안,여기,아도,투어,아이템
면제,설치,브라스,아무거
우승
이거
말씀
시합,구입,거즈,제곱,정리,정리,이것,정리
연결,제거,벡스,접시,이자,섹스,제고,제곱
플러스,지급,죄과,직업,제거,제곱,결과,사회주의,직업,직업
처리
이것,납골
결과,말투,저급
이자,이후,파리,선생,루트,제어판,가요,이것,제거,파괴,제고,이탈,사벌면,시자,정리
지갑,가짜,거제,직업
여러분,이번,직업,일부분
전개,반대,인술,개선
api,말씀
방법
이거,어디
제곱,유배,결과,플러스,기획,제거,제곱,제곱,마이라,제곱,소개,20,라스,브라스,이놈,이놈,제곱,제곱,이놈,브라스,이거,꽃밭,카페,제곱,인수,제곱,마야,인술,이거
해제,고민,말투,패턴,이거,플러스,꽃밭,카페,플러스,인쇄
카페,건마,개인,소개,코브라,수도,25,제곱,36,일어,인수
이거,흥분,제거,직업,이거,25,20
25,직업,모양
지급,직업
ox,제거,20
졸업,by,직업
ui,지급,36,아이
제곱,제곱,직업,직업,플라스틱,카페,외투,of,플러스,아이,다음,시자,os,ui,정리
여러분,특강,중학교,다음,강좌,여러분,다음,광장
여기,이거,중학교,내용,사람,다음,강좌
그거,고등학교,과정,공감,여기,1000,학생,경우,이하,방법,기억,연습
문제,우리,고등학교,과정,공부,문제,풀이,여러분,내용,연습,다음,고등학교,과정
경우,인수,제곱,16,이자,사회,의미,배터리,에코,플라스틱,꼬마,정리
다음,마지막,사회,사회
노조,패턴,ex,졸업
악의,사마의,제어판
플라스틱,말투,피해자,예수,플러스
ex,정리
여기,야합,이야기
여기
여기,이야기,얘기,중요,이야기,중요
부모,유리
여담,이야기
부모,얘기,중학교,300
분말,우유,분과,유야,분모,유리,조화,여러분,이거
이거,가짜
부모,유리수,과정,분모,이하라
승리,저번,검지,그거,군요
us,유리수,분석,무리수,개념
대표
루츠,분모,무리수,부모,루트,루트,과정,분모,유리
루트,루트
여러분,루트,이번,공부,가문
루트,저번,시간,얘기,부모,유리,과정,분모,유리
유리,여러분,수학,av,네비,분수,수학,분자,부모,동시,패도,분수,변화
분쇄,분자,분모,영향,숫자,변화
그것,활용
루트,탈출,여러분,루트,탈출,방법,루트,바깥,전체
루트
전시,얘기,목격,나세
루트,전체,안쪽,절댓값,전체,전체,루트,해방
전체,제거,판단,얘기,판다리,마찬가지,부모,분자,분모,에다,유화
루트,루팅,전체,제곱
군자,기회,원래,부모,무리수,분모,유리
부모,유리,하락,부모,제곱,방법,분자,무의
얘기
루트,오븐,분모,유류
부모,루트
자매,배정,물리,여기,30,루터,판단,결국,부모,루터,얼마,시자,루트,다면,분에,선생,여기,루트
분자,유야,루트,생각,분모,군자,신경
다음,마찬가지
부모,루트,유리,방법,분자,분모,에다
루트,다루,두산
루트,사라,기상,루트,전체,제곱
문자,노트,리얼
루트,이것,이것,바보,루트,질량,위축,루트
우리,사람,다음,자국어,루트,다음,루트,얼마,시자,고분자,투사
얘기,선생,인생
인생
얘기,연기,경우,부모,항의,경우,부모,경우,예제
루트,오븐,이거,경우,분노,저항,투어,분장,해결,문제,분자
분자,부모,루트,루트,여기,국내,생명,루터,생각,해결,문제
모양,유리,방법,에다,가운데,학군,직업
우리,루트
의거,액션,가운데,보호,분자,저희,가운데,수압
가운데,학군,루터,올해,분자,분모,에다
얘기
부모
거랑,가운데,보마,제곱,제도,지급
분자,여기,노모,전개
이담,최종
정답
가능
기회,가운데,보호,루트,로트,루트,31,기대
해결,방법,가운데,보호,분모,루트,31,분자,도로,추상,블라우스,기존,제곱
분노,계산,방법,꽂이,직업
얼마,얼마,분자,계산,방법,이거,이거,제곱,이거,얼마,이거,접합,얼마
예금,현재,시자,누이,플러스,일과,주사
결국,부모,얼마,300,분자,42,이거
이것,친구
여러분,부모,문제
모습,결국,여기,에르,퍼걸러,마찬가지
데이
분배,법칙,이용
분배
무당,얘기,얘기,이쪽,부모,이쪽,부모
결과,레이,어린아이
계산,시작,플러스,루트,마지막
플러스마이너스
느낌,플러스마이너스,베이브
내일,여기,ava,거리,결국
그것,플러스마이너스
정리
선생,공부,이것,이것,분해,ave
부모,서부,얘기,이거,이거
전체,에다,ava,이것,분배,법칙,거지
연결부,플러스
만약,이후,44,계단
애마,시자,사루,게살,기초,이야기
포자,이유,고통,학생,여러분,말씀
이것,유리아
가운데,부엌,아궁,가운데,부호,패거리
우투,가운데,관계,부모,과정
직업,사회,나올
분자,추정,부모,의미,루트,군요,정리,느낌,생각
이거,개선
여기,마이너스,루트
가운데,보호,장부
판단,얘기,루트,에다,문자,부모,루트,플러스,여기,루트,루트,부모,시자,정리,당시,정리,분자,서버,루트,플러스,루팅,생각,최종
루트,루트,루트
정리,최종,생각
여기
여기,관련,이야기
관련,이야기
관련,이야기,다음,전개,이야기
다음,시간,독일,공부
복습,다음,시간
음악,안녕
더니
시간,인수,시간
시간,인수,기본,바탕,인수,분해
본격,강의
저번,시간,잠깐,복습
저번,시간,인수,분해,공통,졸업,만약,공식,완전,지급,시기
합창,음식
공식,그것,시계,기본,방법
오늘,마찬가지
조금,방법,여러분,머릿속,문제
여러분,위험,공통,수분,공통
여기,선생,문제
문제,우리,수분
자금,덩어리,이란,공통,일수
아내,궁둥이,공식,여러분,여기,소금,덩어리,덩어리,공통
여러분
여기,정리
다음,자식,정리
덩어리,21,다음,여기,플러스
공통
플러스,아이,플러스,나머지,여러분,여기,22
여기,플러스
플러스
인수,문의
공통,인수,방법,이번,저번,강과,각각,공통,공통,인수,방법,여러분,자금
공통,요즘,덩어리,여러분,공통
여러분,덩어리,공통
여기,공동
머리,생각
자금
나머지,ud
여러분,여기,진공,동일,만가,여러분,플러스,순산
여기
여기,공통,해수,나머지
언어
여러분
마지막
머리,여러분
여기,선생,다리,요기,달수,묶음
여기,입술,여기,플러스,시기
여기
단수,분야,형태,방법
덩어리,방법
선생,머리,덩어리,공통,인기
유두,여러분,여기,자리,이거
아리랑,보호
여기,절하,정리
시기
여러분,아이,공통
수분
여기
여러분,우리,공통,인수
남항,수분,유형
정리
공식,우리,공통
공식,우리,공식,공식,여러분,시간,시기
자보,세요
덩어리,정리
재고,제곱,공식,사용
하차,음식,사용,여러분,눈치
잡음,파악,공식
여러분,여기,정리
제곱,제곱
덩어리,플러스
작품,플러스,다음,엑스,플러스,다음,개코,여러분
정리,기분
순서,플러스,21,정리,정리,꼬리
여러분,여기,정리
덩어리,제고,마제굽,합창,공식,사용,덩어리,플러스,다음,23
다음,요번,머리
여러분,23
숫자,계산
정리
플러스,531,정리
문제,여러분,이해,정명훈
공통,공식
인수,기본,공통
공통,희수,존재
다음,나무,제곱,제곱
여러분,대안,인수,분해,인수,분해
여러분,여기,참가,여러분
이사,제곱,제국,합참,실기,여러분,인지
다음,압정,어리,다음,pu,정리,인수,분해,완벽
마지막,여러분,선생,여러분,도어,내자,급도,제곱,여러분,제곱,제고,제곱,제곱
제곱,제국,합창
덩어리,lx,제국,제곱,더하기,다음,제고,우리,로케,보세
여러분,선생
인수,부분
여기,이해,임수,분해
제국,마찬가지,공식,플러스,유수,분해
여러분,교합,차복
공식,제곱
여러분,이거,제곱,시기,문제,선생,유형,인수,부분,문제,공식,유형
명이
여러분
미학
leg,수분,여러분,세미,공통,이슈,공통,이준
어유,여기,시작
여러분,업무
이거,이상,여기,수분,형태
이상,이상
여기,이상,방법
인수,분해,여러분,파악
여러분,이거,완전,작업,기구,여러분
수분,문제
어디,xros,구비
나머지,모토
고마,제국,공시
합참,무시
여러분
조금,정리,정리,요서,우리,완벽,인수,분해
여러분,작품
급식,시기,여러분
처음,처음,나중,여러분,이거,공통
이거,공식,나중,여러분
일단
방법,인수,공통,공통
공식,공식,협조
공식,인간,여러분
차홍,시기,친구
자금
이거,합창,합정,보식,여러분,나머지,뒷장,ok,이해,이해,연결,이상,수분,방법
합정,시간,합창
시기
여러분,이거,합참,음식,이거,매더,이상,머리,미려,공식
02,유우
여러분,플러스,제구,불완전,삼식
제곱,마작
합참,오심,우디,예과
요거,처음,이익,나중,여러분,습관,도재
다음,마지막,여러분,요구,음식
요구,악창,나머지,요전
기회,완전,음식,레고,나머지,제구,제국,마제,고무,합창
아기
완벽
여러분,제곱,시계,유아,문제
마지막,내림차순
선생,내림차순
설명,내림차순,유형,고등학교,본격
고등학교,인수,그때,내림,본격,중학교
방법,방법
지식,중학교,고등학교,내림차순,고등학교
내림차순,방법,부대
이것,학생,학생,내림차순
평소,우리
우리,차시,분야,플러스,ox,플러스,보통,우연
순서,기본
착수,dr,차수,우리,요거,무풍,수도
내림차순
무리,의미,어시,기본,평상시,내림차순
순위,여러분,차시,마찬가지,우리,플러스,모사
기본,엑셀,차수
내림차순
여러분,착수,내림차순
여러분,내림차순,문제,인수,분해,허무,지식
한국,엄마
공통,공식,아까,음식,완전,작업,이해,수분
시기,공통,공식,내림차순,방법,불린
자금,내림차순,방법
여러분,문자,xy
문자,주인공
우리
문자,내림차순,내림차순
주인공
문자,문자
문자,정할,문제,착수
아이,여러분,자수,아이
무사,자비,착수,주인공
보카,여러분,민용근,이익,학생,누구,주인공,아이,자비
아이
차수,문짝,아이,선적,문자
한문
여러분,응용
문자,xy,나초,주인공,루프,자비,착수,복귀,여러분,경우,여기,중요
자비
내림차순,정리
공부,아이,누구,요루,시구
여러분
여러분,정리,누구,괄호
경우,제물
104
와해,밤차,여러분,다음
여기
여러분,내림차순,정리
다음,우리,덩어리
다음
여러분,요구
덩어리,수분,재고,어깨,정리,정리
덩어리
맥스,in,어스
자금,여기,나머지,괄호
유수
라면,플러스,와인,라이너스,정리,내림차순
문자
문제,인수,분의
친구,내림차순,친구
자보,여러분,완전,재고
호수,다음,여기,여러분,제트,여러분
여기,특수
플러스,여기,공통,유수,다음,나머지,플러스,에트
친구
친구
나그네,내림차순,임차,수마,여러분,방법,문자,준비,xy,시기,아까,공식,손실,총구,눈썹
오히라
방법,내림차순,방법,이거
이거,문자,내림차순
자보,세요
여러분,내림차순,주인공,문자
차수,xy,제트,문자,도착,제트
누구,주인공,주인공
제트,내림차순,정리
제트,제트,다음,창방,우리,정리
다음,나머지,관원
요거,요거,요거,제곱,제곱,io,sexy
다음,여기,제트,플러스,ex
머리,제곱,수분,여기,보세,ex,음료
여기,제트,회사,플러스,시험,정리
여기,여러분,공통
미나,머지,제트,다음
여러분,내림차순,방법
임차,여러분,여러분,수분,의식,오케이
내림차순,내림차순,문제
내림차순,방울
고등학교,내림차순,기본,여러분
여러분,마지막,마무리
오늘,마지막,여러분,명의,우리,이임수,분해,이용,숫자,적용
우리,계산
여러분
순서,계산,계산
공통,17,17
다음,나머지,한과
58,다음,여기
계산,100,계산,백해,서천,우리,숫자,도적,정확,계산
자금
23
17,17,여러분,하늘,195,치환,다음,취하,여러분,다음,제곱,다음,베이,다음,제곱,여러분
여러분,10
여기,10,필요,정리
완전
ab,대신,작가,195,오해,제곱
여기,기자,제곱,얼마,여러분
오늘,마지막
마지막,문제,마지막,문제
제곱,공식,100,99,다음,100,99
여러분,199
199,얼마,199,여러분
우리,인수,공식,활용
여기,인수
오늘,여러분,이것,여러분,복스,문제,유형
강의,여러분,마음이,도움,마지막
구독,부탁
여러분,저희,다음,시간,강의
여러분,수고
아이,woowon,음악,222,음악,수학,수분,공식,이용
여러분,제목,단어
대입,단어
문제
자사,루트,소수,부분,제곱,더하기,10,25,해요
우리,대입,방법,생각
나이,방법,생각,인수,분해,시계
포인트,여기
수학,계산
문제
과정
다음,이야기
사루,소수,부분
자사,루이,소수,부분,우리
루트,루트,그동안
제곱,16,댄스,16,32
루트,32,수수
루트,32,32,업보,급수,36,제곱,256,예제,36,결국,32,사이,얘기,루트,32,싸이,루트,32,얘기
전수,부분,오적,여러분,클립
소수,부분
기억
사루,소수,부분,사르,투이,정수,부분,소수,부분,그것,지금,얘기
강조,에이드,사루,투입,대입,방법,얘기
라이,아이
수분,인수,분의
수학
대의,구아,부자,인수,정리,정리
ca,20,오늘,절반,제곱,상수,제곱
자리,에다,대입
여기,대입,패스,대입,투입,대입,사르,투입,제곱
결국,사루,계산,32,여러분
포인트,어디
문자
문자,시기,인수,분해,가능,인수,분해,한수,대입
박수,음악,박수,opera,ye,음악,수학,공식,이용,인수,분해
우리,인수,분해,급식,경우,상수,항의,표현,개수,수분
우리,경우
공식
age,제곱,남아,여러분,곱셈,공식,비고,제곱,제곱
외국
고백,이제,공식,공식,곱셈,공식,고백
ago,제곱,제곱,제곱근
공식,해석
대국,25,제곱,대부분,전체,제곱,ex,25,아이,제곱,25,제곱
oi,의장,각각,고백,분야,제곱근,exo,아이
인수,분해
이인수,공식,내용,내용
음용,형태,문제,여러분,문제,제시,우리,인수,분해,제구,배차,생각
각각,유카,54,사고
문제,얼마
루트,직업
54,이것,급수,생각,여러분,인수,생각
공통,수인,글자,여러분,기억,인수,공식,배우,가래,인수,분해,처음,생각,공통,확인
부분,수분,생각,여러분,다음,플러스,아이,15,이해,문제,순간,문제,생각,플러스,아이,아이,가운데,얘기,눈치
문제
처음,공통,인수,식사,유괴,배수,제곱,제곱
제곱,엑셀,재고
가루,부분,얼마,제고,기대,아이,전체,제곱
중괄호,제고,배차
우리
다음
방법,인수,분해,얘기
얼마,540
플러스,아이,자리,15,대입,10,92,90,아이,540,결구,아이,54,여러분,얘기
기본,문제,원칙,방정식,경우,미지수,개수,시기
여기,방정식
미지,xy
시급,방정식,여러분,의심,xy,각각,문제
방정식,이수
통째
얼마,마이가,얼마,문제,생각,여러분
인수,분해,이용,여러분,결과,결과,과정,우리,공식,구매,이용,문제
박수,박수,cabcabc,정민아,선생,길거리,공주,시기,공주,전설
그녀,뽀뽀,순간,그녀,결혼
처음
왕족
갈등,에이,공주,백마,왕자,왕성,저기,어디,백마,완자
저기,백마,언제
뽀뽀,결혼,왕자,뽀뽀
공주,입장,결혼,100,게라,결혼
선물,선물,수석,공주
그분,큰일,왕자,누구,시녀
전기
목록,현실,환자
항이
여기
고민
인정,공통,여기,모낭,곱빼기,이쪽,우리,여기,아부,씨름
우리,공주
자리,사실
공주,내비,우리,공통,인수,선물
이거
전설,전설,전설,AB
여기,여기
ab
ab
여기,제곱,다음,순서,누구,다음
여기,부호,반대,마이너스
유난,결과,부호,반대
10,괄호,Abc
난식,마법
여러분
유난,공주,수분
결과,요놈
번호,여러분,확인
실시,우리,198
제곱,xx,오케이
우리
플러스,확인,가능
확인
방정식
좌변,전개,제곱,플러스,cb,우변,계산,좌변,인순
15,15,이거
20,다음,문자,인수,분해,ab,ab,bc
ca,요거
ab,아래
ca
플러스,ca,여기,더하기,생각,ab,ab,ab
괄호,괄호,bc,amic,여기,요거,괄호,요거,라이트,65,식과,시기
창상,구성
식과,합의,형태,전개,미라이,일쑤
그림,개념,전체,사각형,넓이
넓이,구성,직사각,넓이,넓이
넓이,제곱,정사각형,너비,직사각형,너비,직사각형,넓이,직사각형,넓이,의지,파악,ax,dx,ab,이때,직사각,운세,길이,직사각,넓이
전개
이것,수분,계수,인수,부분,넓이,제곱,정사각형,변의,길이,직사각형,직사각,이번,직사각,넓이,가루,로우
공식,적용,문제,연습,일본,문제,미라,개수
인수,분해
마네,대합,수분
순대,수면,정수,수중
더하기
순위
이번
조건
인대,양수,양수,이거,다음
수분
이번,조건
이번,대합
음수,부호
유관,유기,음수
플러스,인수,분해
이번,가파
일과,유기,음수
플러스,분해
이번,문자
문자
문자,항이,상수
이때,개수
18,제곱
마이너스,부호,고비,18,제곱,플러스
플러스,수분
안녕
고등,수학,강의,우수정
공부,인수,분해,스텝,개념
인수,분해,개념,경우
시험,공부,여기,자체,학생,공부
여기,단어,공부
방정식,방정식,형태,문제,공부
고등,수학,앞부분
개념,개념,개념,파트,기본,연산,공부,인수,분해,연상,방법
연산,유형,자체,암기,내용
유형
10,정형,구조
일반,우리,생각,구조
암기,구조,구조,선생,체크
인수,분해
우리,인수,분해
중학교,인수,분해
제곱,마이너스,수분
인수,분해
자애,인수,분해
과정,우리
전개
선생,설명,언급
전개
전개
구성,다항식,여기,생략,연결,다항식
전개,상식,다항식,과정,전개
인수,분해
다항식,단항식,과정,우리,인수,분해
우리
중학교,인수,분해,처음,공식
공통,인수
EX,제곱,마이너스,수분
공통
다음,EX
문제,페이지,학교,선생,학원,선생,인수,분해,다음,설명,생각
학교,선생,수분,제곱,마이너,짓거리,수업
다음,플러스
사람,어디
여러분,이상
인수,분해
학원,선생,학교,이거,수분
수분
잔챙이
학생,존재
인수,분해
인수,분해,다항식,단항식,한마디,최종,연산,여기,형태
다항식,다항식
다항식
다항식,인수,분해
한식,형태,표현,이해
선생,고등학교
인수,분해,인수,분해,정의
인수,분해,공식
인수,분해,공식
암기
기본,암기
곱셈,공식,곱셈,공식,변형,암기,필요
공식,인수,분해,한마디,전개,전개
음악,우리,곱셈,공식
거기,공식,모양,abc
제곱
공식,인수,분해,공식,인수,분해
인수,분해,공식
여러분
곱셈,공식,내용,인수,분해,공식,자체,사용
사용
세제곱,세제곱,전개
세제곱
전개,완전,세제곱
뒷부분,인수,분해,공식,상태,인수,분해,여러분,공식,자체,필요
기억
선생,설명
여러분,곱셈,공식
곱셈,공식,광고
별표,세제곱
선생,곱셈,공식,곱셈,공식,변형,도요
별표
여러분,수능,공식
세제곱,더하기,세제곱
ab,AB,제곱,세제곱,마이너스,세제곱,제곱,플러스,AB,제곱
중요
평생
다음,23,abc,공식,느낌,곱셈,공식,느낌,인수,분해,공식,진행
요거,마지막
부분,곱셈,공식,변형
인수,분해,공식
기본,형태,형태,인수,분해
자인,수분
이쿠야,누구
연결
xy,제곱
중학교,공식,훈련
제곱
제곱
공식
합창,공식
다중,학교,내용,인수,분해
다음,다음,다항식,수분
우리,인수,분해
원래,이거
세제곱
세제곱
xy,세제곱
확인
제곱
제곱,12
선생,가요,느낌,완전,세제곱,다음,전개,확인
우리,완전,세제곱,제곱,완전,세제곱
세제곱
세제곱,제곱,유일,선생,공식,세제곱,더하기,세제곱,제곱,마이너스,플러스,제곱
암기
마찬가지,자체
공식
요거
xyzx,제곱,기본,xy
플러스,XYyz
마이너스,우파,마이너스,yz,zx
마지막
자요,경우,별표
공식
공식,AB,제곱,AB,제곱,공식,공식,아래
선생,문제,경우
우리,뒷부분
뒷부분,공식,구조,인수,분해,유형,정리
공식,공식,필요
Why,공식,인수,분해,공식,이용
여기,제곱
ab,제곱,플러스,ab,제곱
공식
뒷부분
공식
인수,분해
수분
공통부분
공통,인수
공통,인수,목록
치환
요오,상수,형태,요거,별표,문제,설명,현명
문제
다음,수분
여기
인수,분해,치환
치환
수분
aa
마찬가지
공통
ab,공통
ab,라지,표현
제곱
제곱,대신
ab,제곱
11
11,별표
어디,별표,별표
기본,형태
의미
제곱,제곱,상수
제곱,치환,제곱,마이너스
수레
제곱,인수,분해
제곱
경우,치환,제곱,마이너스,제곱,이해,치안
별빛
선생
마찬가지,제곱,치환,고요,수분
어인
인수,분해
별표
문제,구조,우리,식이
암기,문제
문제,자체,선생,공식
AB,제곱,제곱,abb,공식,공식,뒷부분
형태
태장,이차식,프리
암기
상수,기준,완전,제곱
완전,제곱,완전,제곱,제곱,마이너스,제곱,합창,공식,형태
문장
누구,기준,완전,제곱,상수,기준,완전,제곱
제곱,플러스,완전,제곱,가운데,얼마
제곱
선택지
원래,제곱
제곱
여기
선생,마지막
상수,기준,완전,제곱,제곱,마이너스,제곱,형태
파란색,빨간색
파란색
제곱,제곱
플러스,형태
파란색,수분,제곱,플러스,제곱,마이너스,제곱,여기,공식
합창,분식
Xex,표현
심리,불편
내림차순,정리
exx
가운데,동영상,선생
요거,순서
오른쪽,신경,마비
여러분,정답,모양
시계,형태,암기
생각
일반,사람,선생
부야
생각
일반
시계,수분
여기,부분,개념,형태
경우,형태,고요
경우,마지막,수분,우리,공식,암기,유형
안개,유형
면식
내림차순,정리,인수,분해,내림차,이용,인수,분해,기억
만약,인수,분해,단원,시험,문제
수분,중요,인수,정리,이용,다항식,인수,분해
라식,부분,선생
우리,수분
플러스,aa
마이너스,axbxc,형태,인수,분해
일반,모양
상수,전개,abc
얼마,상수
우리,이용
부호
abc,문자,여두,플러스
부호,생각
생각,노블
abc,약수
선생,약수
약수,우리,예측,범위,확률,약수
우리,예상,범위,약수
약수,대입
얼마
우리,여기,시계,대입
대입,뒷부분,수상,약수,대입
다음
다음,마이너스,집어
스톱,다음,조립제법,인수,분해
우리
인수,정리
이거,약수,대입,의미,대입
의미
ABC,abc,약수,가능
부호,플러스,순차,대입,방법
문제
12
12
다항식
우리,수학,이상,다항식,인수,분해,그거,수분
xx
누구
84,조립제법,스타트,누구,대입,대입
12,60
여기,선생
만약,여기,부분,인수,분해,수분
인수,분해
별표,일반,별표,수분
여기
이거,공식,생각,내용,생각,인수,분해,요식,내림차순,정리
중요,야식,내림차,정리,현명
공통,이수,내림차순,정리,제곱,xy
플러스,제곱,제곱,합창,공식,인수,분해
여기
인수,분해,확인
순례
계산,결과
어디,완성
상수
xy,요거,전개
내림차순,이용,인수,분해,고요
요거,형태,우리,유형,문제,점검,확인
스텝
개념,설명,기본,기초,문제,다음,시간,스태프,스텝,유형,점검
음악,안녕
조건,노트
오늘,다항식,전개,인수,분해,관계,전기
분배법칙,이용,분배,이후,동료,계산,정리
xex,전개,xex
이때,전개,10,동일,요네
전개
시계,연산,근거,개수,관계
과정,곱셈,공식
인수,분해,무엇,인수,분해,다항식,이상,다항식
인수,분해,차수,변형,도움
xe,수분,xexe
과정,인수,분해,공식
안녕
여러분,가베
이번,여러분,공부,내용,상반,시기,수분
방법,여러분,방법,손님,방법,공부,이번,시간,학생,공식,피박,공식,방법
유도
다음,우리,오마,방법,변화,방법,포함
우리,ok
여기
가운데,기점,좌우,개수,대칭,모양
생각,절댓값
여기,우리,개수,일자리,구요,우리,방법,제모
제곱,플러스,우리,분수,은혼,플러스,플러스,벡스,분의,제곱
우리,오만,방법
누구,친구,여러분,친구
제고,참조,찾기,이거,xp
제곱,플러스,제곱
다음
로즈,묶음
플러스,검단,우리,여기,여기,변형
병원
요놈,변형
플러스,엑스,ee
내일
플러스,우리,취한,요놈
파란색
제법,ax,어디,ago,플러스,다음
결론,가인,손해,요구,제곱
요놈,인수,최고,한계,서인,다음,노로,인수,아무
묘기,요놈,전개
지금,전개,제곱,요거,다음
mn
여기
요놈,부파
어디
요거
중요
타자,다음,용기,여기,원래,원래,대신
지옥
플러스,다음,원래,요놈,자리
여러분
다음,여기,제곱,여기,나라,여기,분대
고액
구성
결론
제곱,플러스,예물
mx,내림차순,순서
제법,용기
nx,플러스,얼마
우리,인수,결국,기본,세팅,작업,제곱,플러스,이름
개소,여기
일본,여기
이창,가운데
여기,개수,우리,인수,은혜
여러분,기억
합의
열감,써니
에이,수요,기본,세팅,작업,제곱,플러스,에서,우리,그거,우리
얘기
바지,질문,확인
얼마,이것
고분,우리,중학교,사망
제곱,플러스,플러스,상수,제곱,이용,찻잔,방법,고요
국회,일반,302
일과
마찬가지,요것
상반신
동심
상반신,확인
ok
12,10,두수,so,플러스,op
이놈,이름,제거,플러스,ox,플러스,여러분,완전,인수,부족
국회,도수,플러스
플러스,일과,우리,인수,분해
방법
일반,방법,소개
이번,요거,이용
우리,곱셈,공식
제곱
요놈,작업
전개,아무거,분야,제곱,제고,파마,넥스,재고,제곱
마찬가지
제고,플러스
이용
방법
내재,자사,제곱,가운데,문쪽
요놈,양쪽
자사,제곱,플러스,제곱
아이디어,한쪽
친구
친구
친구,자기
요놈,재고,제곱,플러스
나머지,리부트
세제,고아,제고,플러스
러브,여러분,우리,수분
여기
골탕,원수,시작
필요
나머지,요놈
요거
jo,플러스,맥스,결과,마찬가지
마지막,여러분,방법
보도
제모,내림차순,정리,방법,방법
자연,정석,방법,제보,여기,싸이,플러스,플러스,분해,제곱
마찬가지,우리,친구,실행,친구
제곱,제곱,제곱,친구
제곱,플러스,제곱,친구,요요기,요놈,친구
마지막,플러스
플러스,주걱
변형
변형
일반,플러스,플러스,xv,레일,치환,이거
기준,요거
플러스,요놈,플러스,플러스,제곱
잠시
플러스,요놈,플러스
용어
다음,플러스
에이다,취한
편안,여러분,제곱,제보,플러스,싸이,플러스,연어,인수,분해
자유,상태,원래,요놈
플러스,플러스
다음,우리
요인,분배,분소
마지막,분비,제곱
요즘,제곱,플러스,주체,결과
요건,아이젠,방법,느낌,고요
피박,공식,여러분,연필
음악,wer,이번,시간,저희,꽃차,식인,수분,시간
고난도,문제,블로그,정리,용도,실시
내용,플러스,엑스,플러스,인수,분해,내용
설명
이것,관련,문제
관련,문제
우승,플러스,엑스,플러스,이것,시카고,수분,그때,fx,그때,결과
플러스,엑스,플러스,해라,수분,내용
이식,수분,고차,식인,수분,보통,이용
차시,수석,조립,개념,이용,조립,시계
시카고,이수,분해,시계,적용,상태
문제,아이디어,보기차,특장,그쪽,아이디어,이용,접근,처음
여기,경우,여기,제곱,플러스,추가
일부분,일부분,수분,대독,풀이
여기,핵심,이식,인수,내용
여기,부분,추가,문제,핵심
이해
변화
특정,부분
50,제곱,제곱,플러스,엑스,플러스
시기,이수근,가능
인수,분해,제곱
제보,인수,여기,발생
우리,인수,분해,공식
제곱,플러스,엑스,플러스
옆쪽,내용
인수,결과
솔로
제곱,플러스,엑스,플러스
이쪽,이거
공통,인수
공통,서식,나머지,보험
엑셀,여기,아무것
10
정리
뒤쪽,이식,정리,수분
정리,제곱,플러스
우리,문제,석고
fx,일부,자식,어미
우리
이제,대의
이해
fx,fx,rx,52,여기,대입,대입,우리,문제,파괴,여기,제곱,플러스,11,결과
성공,법칙
실행,충격
충격,에너지,사람
거짓말,과장,안녕
하와이,저택
지인,이야기
얘기,지인
구요
그때,생각
순조
시작,말씀,이유
동안,구독자,질문
압도,질문,법칙,구체,방법,부분,질문
지금,목표,소리,상상,시각화
정도
거기,레벨,디테일,문장,문장,상상,시각화,모습,생각
별거,마음,처음,시작,지금,마음,부분,도움
오늘,작정,상상,현실,법칙,세부,실행,방법,수분
단계
목표
예전,트위터,데이,클래스,질문
대화,진짜,경우,대부분
생각,부모,기대,주위,사람,비교,정도,마음,소위,손때
방법,말씀
여러분,모습,상상
구체,상상,시도
처음
모습,상상,여러분,마음,체크
모습,상상,입가,미소,기분
감정,여러분,경우,대부분
말씀,방법,생각,다면,예전,영상,마사노리,방법,말씀
방법,판단
무작위,종이
여러분,상황,고려,순수,이것
여러분,단계
평소,말씀,방법,말씀
거기,플러스알파,방법,말씀
방법,이것,이유
여러분,의식,잠재의식,각인
여러분,자신,셀프,한계,설정,리밋,잠재의식,소프트웨어,설치
전문가,저자,방법
상상,현실,법칙
세부,방법,추천
마사노리,방법,강조
이거,구절
목표,종이,실현
반복,종이,실현,종이,실현
간담,우리,강연,세미나,방법,조심,얘기,성공,사람,대부분,본인,목표,종이
의문
간담,아사
성공,자신,소망,목표,종이
차이
생각,아무,시도
간담,아사,놀이,김수로,회장,켈리,회장,성공,사람,방법,강조,프로터,소리,상상,시각,방법,강조
네빌,고다드,과학자,디스,펜대,상상,강조
말씀
여기,말씀,방법
말씀,방법,방법
문장,소리
하루,100
산책
상황,말씀
방법,하루,하루,방법
처음,손가락
47,57,무엇,문장,신경
카운터,사용
광고
말씀
100,설정,100,순간,화면,색깔,진동
여러분,성공,경험
말씀
성공,처음,필요
성공
여러분,100,그것,자체,성공,경험,말씀
질문
문장,관련
문장,필요
만약,분야,경제,목표,커리어,목표,영역,문장
시간,하루,100,200
하루
규칙
의식,각인,부분
문장,얼마,영상,예시
문장,말씀
연도,금액,과거
2026,50,자산가,주위,선영,문장
경우,처음,문장,토지,분양,사기
아파트,투자
이상
문장
이후,문장,정확,연도,생각
우리,인간,차원,세상,이상,차원,인식
차원,차원,차원,공간
우리,인간,인식,차원,공간,시간,시공간,차원
우리,차원,인식,이해,시계,시간,개념,이해
개념,이해,과거,미래,우리,시간,우리,인간,방식,이해
말씀,부분,아인슈타인,시작,이론,물리학자,설명,개념
우리,차원,인식,시간,공간,존재
생각
미래,모습,존재,시각화
인생,말씀,이유
과거,말씀,이유,이유
존재,과거,공간,정확,위치,우리,좌표,표현,득점,시간,존재,정확,좌표,202,2020,정확,이유
방법,방법
성공,사람,100,100
김승호,회장,방법,지금
100,100,생각
방법,작년
넘버링
경우,11,문장
구독자,타이핑
애플,펜슬,아이패드,노트
방법,기억
우리,무의식,각인
우리,각인,행위
우리,수업,공부,필기
우리,무의식,잠재의식,시멘트,나무젓가락,글씨
100,100,시멘트,최저,가락,글씨,생각
결론,타이핑,생각
구독자,질문,100,문장,생각,말씀
문장
문장
방법,동안,말씀
이거,성공,체감,10,정도
번식,시간,40
100,기간,동안,상황,하루
의지
상황,컨트롤
야근,피곤,예외
하루
100,100,문장,순간,문장
생각
표현,감동,고요
100,여러분,100,성공
성공,경험,여러분,의식
무엇,100,여러분,생각,생활,패턴,사고방식
긍정,에너지
100
사연,100,도중
경우
보통,100,단기,목표,최소한,장기,목표,100
역시,장기,목표,현실
이유,지금,목표,방향
목표,중간,목표
단계,감정,여러분
방법,방법
상상,시각
중요
핵심,이유
여러분,모습,상상,시각,감정,느낌
핵심
음악,무엇,부자,부자,기회,발송,시작,부자,탐욕,메시지,부자,지원,시작
메시지,우주,혼란,당황,부자,기회,시작
다음,기분,우울,당신,중요,생각,우주,고함
마음,이유,자신,부자,부자,우주,혼란,메시지
관점,설명,사람
과학자
대표,과학자,디스,펜자,브루스,린든,박사
디스,펜션,박사,신경가소성,개념,설명
여러분,감정,여러분,뉴런,배치,생성,물리,사람,동일,뉴런,구조,구조
여러분,사람
편안,마음,그것,과정,개념
여기,여러분,말씀,법칙,성공,분야,사람,각자,전문,영역,지식,설명
작동
원리,인간,영역
기적,신화
시크릿,저자,론다,인간,영역
우주,응답,관점
사람,원리,설명
사람
설명,각자,자신,전문,영역,이상,학적,관점,에너지,파동,관점,과학,관점,다양,설명
다양,관점,눈치
200
그동안,법칙,경험,100,확신,이론,관점,200,확신
말씀,이유
관심,사람,설명,영역,설명,설득
무엇,마음,공감,이해
경험,마음
시각화,15
그때,지금,말씀,사람,아무것
그때,상상,마음,본능
지금,시각,공통,특징
디테일,상상
취업,회사,근무,모습,상상
회사,홈페이지,팀장,누구,다음,시각화
자리,신입,팀장,사람,원증,이웃,매치,출근
우리,창가,위치,통유리,바깥,풍경,점심,시간,구내식당,점심
팀원,농담,오후,팀장,선배,인상,정도
시각화,원서,시작
100,정도,서류,광탈
상상,회사
필기,전형
준비,동시,시각화
보통,원서,최종,합격,결정
기간
면접
회사,유리,자동문,회사,로고
면접,당일,유리,자동문,회사,로고,편안,마음
면접,지원자,마음,이상,일반
시각화,혼자,회사
긴장
스펙,경쟁,최종,면접,10,경쟁률,공채,결국,합격
사람,상상,마찬가지,디테일
사람,날씨,시작
장소,장소,배치,온도,조명,사람,표정,사람,악수,느낌
지금,말씀,구체,시각화,이유,마찬가지
구체,시각화,그때,감정,느낌
지금,상상,현실,법칙,세부,실행,방법,플러스알파,방법,말씀
말씀,영상,영상,길이
오늘,여러분,확인,방법,기본,상상,시각,방법,말씀
다음,영상,방법,추가,효과,방법,말씀
영상,마지막,일본,마케팅,컨설턴트
마사노리,마무리
여러분,말씀,마음
목표,종이,실현
성공,법칙
실행,충격
충격,에너지,사람
단순,학교,법칙,법칙,실천,사람,계속,실현,거짓말,과장,마법,램프,존재,시간,현실
기회,말씀,부분
안녕
하와이
영상,오늘,상상,현실,법칙,세부,실행,방법,수분
말씀,방법,소리,상상,시각,방법,영상,말씀
구독자,질문,말씀,방법
질문,상상,시각화,모습,상상,느낌
이유
경우
생각,영상,말씀,부모,가족,주변,지인,비교,정도,손대,생각,필요
본인,경우,모습,상상,기분
시각,도움,확인,진짜,확인
2027,100,자산가,사람,도움,시각화,이야기,정작,스스로,방법,100
로또,투자,제시,부족,생각
생각,바탕
생각,상상
기분
생각
상상
여러분,상관,상상,이상
100,목표,시각화,법칙
목표,방법
30
목표,현실,말씀
현실,개인,기준
30,현실,현실
생각
목표,인생,장기,목표,최종,목표,현실
이유,목표,크기,관련
정도,목표,경우,모습,상상
가능,마음,법칙
필연,수준,보통,절대,크기
2023,30,kg,다이어트,성공
의견,현실
스스로,현실,2023,kg,다이어트,성공,생각
kg,다이어트
말씀,절대,크기
30,kg,kg,차이
kg,마음,시각
kg,다이어트,성공,스스로,모습,상상
30,kg,다이어트,성공,자신,모습,상상,차이
상상,현실,방법
감사
질문
무엇,감사,요라,질문
상황,감사,생각,인식,여러분,감사
성공,저자,감사
시크릿,요약,상상,감사,대답
소리,시각,중요,간과,감사,중요
감사,이유,음악,음악,음악,충만,감정
여러분,긍정,에너지,기분,상태,유지
감사,이유
현재,여러분
영상,말씀,시간,차원,차원,생각,공간,마찬가지,시간,특정,좌표,생각
미래,시점,거기
현재,좌표,위치,여러분,미래,좌표,위치,여러분,여러분
보통,생각
말씀,방법,소리,시각,미래
생각
미래,법칙,현실
생각,순간,긍정,생각
외부,압력
사전,정의
상황,기본,사람
올해,우리,표현,마음,건강,상태,유지
여러분,평소,생각,신경,여러분,감사,미래,모습,감사,미래,지금,현재,과정,인식
미래,특정,좌표,여러분,여러분,그것
지금,여러분,미래,여러분,서로,미래,특정,좌표,도달,과정
지점,기대
말씀,여러분,의미,기억
감사,마지막,이유
베스트,초이스
감사,습관,효과,경험,사람
개인,소득,생각,아내,성격,사람,여유
여유,마음,여유
사람
우리,대미지
여러분,인식
당시
충격파,시간
그때
말씀,우리,선택
결정,선택
아침,현관,신발,결정,선택
20,횡단보도,초록,다음,하루,우리,선택
사이,사이,중요,선택
선택,과정,미스
마음,여유,상태
선택,생각
여러분,시험
문제,문항,종류,방송,순간
마음
식은땀
글씨,생각
마음
경험
최고,선택,고려,선택
말씀,여러분
여러분,과거,여러분,선택,결과,여러분
지금,여러분,선택,미래,여러분
베스트,초이스,최선,차선,차선,최선,최악,선택
선택,여러분,모습
여유,마음,정심,유지,100,선택,계속,여러분,사람,충격,정도,차이
영상,지금,상상,현실,법칙,세부,실행,방법,말씀
소리,내어,하루,계속,오늘
100,100,작년
상상,시각,아이,샤워,조금,지금
감사,아침,습관
지난주,영상,말씀,방법,추가,효과,방법,말씀
참고,말씀,방법
법칙,실행,맥시멀,리스트
방법,하루,10,정도
10,습관
일상,자리
파이어,직장,시간,자체,부분
수년,말씀
확신,방법,습관
예전
생각,기간,현실
투자,파이어,현재
말씀
법칙,장기,인생,목표일,10,20,생각
말씀
시간,현실
기회,말씀,부분
지금,추가,소개,방법,여러분,생각
생각
조금,여러분,조금,여러분,에너지,여러분,상황
마사노리,추천,방법
노트,목표
목표,개수,상관
마사노리,미국,성공,기업가,6000,목표,노트
마사,놀이,본인,128,목표,노트
개인,29,마스터,노트
마스터,노트,이름
아무것
영화,매트릭스,마스터,결국,시스템,코어,진입
이름
노트,목표,곁가지,목표,분야,목표
마사노리,128,목표,총리,전화
예시,말씀
핵심
아침,직전
전부
가능,노트,가방
취침,전후,이유,말씀
간담,아사,노리,방법,자신,게으름뱅이,자기,최면,방법
인간,의식,저항,시작,가능,방어벽
말씀,여러분,잠재의식,국경,수비대,잠재의식,접근,의식
신원,확인,평소
여러분,의식,개입,잠재의식,침투,프로그래밍
그때,언제
직전,의식,타이밍
프로그래밍,작업,말씀
목표,종이,편안,마음,소리,마음속
아침,방법
외출,자체,여러분,목표,의식,여러분,스스로,하루,각인,효과
방법,간담,아사,노리,올해,시작
아이패드,노트,펜슬
타이핑
지난주,말씀,타이핑
패드,연동,취침,전후
종이,노트
이유,태블릿,PC,방법,적극,추천
올해,여름,29,취침,전후
직전
간담,아사,노리,얘기
종이,목표
단지,방법,사용
특별,기분,이해,당신,입장
영상,좌절
오늘,영상,법칙,수분,시리즈
말씀,여러분,말씀,생각,관계,말씀
추가,얘기
목소리
다음,영상,상상,현실,법칙,세부,실행,방법,오늘,말씀,요추,방법,말씀
영상,실제,레전드,사례,소개
오늘,마지막,말씀
지난주,말씀,방법,법칙
세기,성공,사람,사이,여기,방법
방법,반응,정도,대중,이유,성공,사람,사람,설명,설득,필요
무엇,시간,중요,사람,이유
동네,편의점,언제,시간,사람,대신,여러분,말씀
만약,여러분,비용,하루,km,러닝
아무것
여러분,시간,체력,소모,요구
리스크,여러분,여러분,주변,사람
이유
생각
감사
지금,하와이,저택
방법,여러분
안녕
하와이,데저트
영상,오늘,상상,현실,법칙,세부,실행,방법,인수,분해
영상,시간,이번,영상,인수,분해,시리즈,마무리
법칙,기본,방법,소리,상상,시각,감사,방법,추가,효과,방법,노트,목표,취침,전후,말씀
다음,방법,90,동안
방법,여름,방법
화면,카운터,이용,하루,1000
하루,90,연속
방법,난도
입장,말씀,100,100,난이도,생각,1000
경우,시간
나중,시간,단축,기본,100,100,시간
시간,1000
경우,상황,경우,연속
상황
방법,방법,오해,효과,차이
마찬가지,궁극,목표,습관,여러분,의식,각인
90
숫자,의학,심리학,검증,21,법칙
미국,맥스웰,몰츠,의사,1960,저서,성공,법칙,최초,주장,배우
성형외과,의사,몰츠,사고,다리,사람,심리,적응,기간,연구,결과,21,법칙
21,기간,인간,생각,의심,고정,관념,담당,베네,퍼즐,두려움,불안,담당,변연,습관,관장,뇌관,최소한,시간
이후,심리학자,의학자,연구,21,법칙,체계
영국,런던,필리파,랠리,교수,인간,반복,스냅,형성,저항,이유,행동,입력,기억,세포
행동,습관,최소,21,주장
21,법칙,심리학,치료,적용,현재
실제,심리,치유,프로그램,단계,단위,진행
여기,21,90,생각
21,우리,습관,각인,단계
말씀
방법,이유,습관,여러분,의식,각인
습관,21,습관,우리,무의식,각인,90,기간,필요
2009,유럽,사회,심리학,저널,특정,행동,시간,행동,결과,습관,각인,이제,행동,평균,기간,12
습관,자기
100,100,100
90,우리,무의식,각인,100,91,상징,100,100,생각
예전,산책,프록터,강연,영상,자신,그것,의식,각인,1000,90,동안,그때,처음
진짜,마인드,법칙,관련,효과,경험,방법,순간,1000,91,연속,가능,생각
산책,생각
방법,체력,손해,생각,산책,그날,시작,기억
다음,아침,오늘,하루,감사
방법,방법
치트키,방법
순간,아침,정도,기분,순식간,긍정,에너지,하루,시작
시작,하루,대부분,결과
아침,혼잣말,오늘,최고,하루,감사
구체,말씀,오늘,감사
여러분,아침,시작,여러분,생각,마음,선발대,하루,다음,아침,여러분,그날,하루,힌트,느낌
구독자,방법,이름
선불,감사,표현
센스,감탄
우리,선부,지불
감사,결과,생각,생각
리어,정리
감사,결과,선불,감사,결과
다음,방법,하이파이브
누구,하이파이브
여러분,하이파이브,사람
여러분,자신
방법
느낌
거울,하이파이브
방법,손발,생각
처음,생각
그날,느낌
사람,경우,거울,하이파이브,왼쪽,뒤통수,전기,느낌
방법,효과,말씀
우리,보통,하이파이브,경우
기본,사람
하이파이브,상황,축하,기분,긍정,에너지,상대방,응원
상대방,하이파이브,보통,여러분,표정
표정,우울,하이파이브,경우
표정,하이파이브,순간,여러분,기분
기분,에너지,여러분,스스로
지금,여러분,스스로,축하,긍정,에너지,응원
방법,가족,누구,욕실,여러분,추천,시간,30
방법,구독자,댓글,피드백
효과,방법
다음,방법
법칙,여러분,상상,시각화,보통,장기,목표,경우
필연,정도,시간,소요
별거,외출,장면,주차,자리,그곳,자리,내지,축하,카톡
장면,상상
방법,네빌,영감,방법
네빌,고다드,강의
여러분,동안,사다리,상상,사다리,자신,모습
강의,동안,자신
결과,수강,절반,사람,상상,사다리,일상,사다리,사람
남성,부모,방문,부모,지붕,아버지,사다리
그때,남성,상상,사다리
남성,아버지,말씀
거기,공구
생각,남성,공구,사다리,사다리,중간,정도,지점,소름
사다리
여러분,상상
경험
상상,시각,법칙,확신,자신
효과,추가,방법,마지막
아침,이불,정리
방법,별것,미국,세요
텍사스,대학교,졸업식,축사,미국,해군,대장,윌리엄,맥레,이븐,연설
레이브,연설,인생,아침,이불,정리,시작
사실,방법,예전,관심
말씀,게으름뱅이,바닥,이불,정리,침대,정리,생각
침대,이불,이유,생각
말씀,방법,아침,선불,감사
아침,혼자,선불,감사,이불,정리,하루,시작
긍정,에너지,하루,시작,생각,우리
무엇,하루,정리,침대,이불,하루,마음,시작,이거,마음,우리,하루
아무것,생각,그날,아침,여러분,이불,순간,오늘,하루,여러분,아무것,사실
말씀
기본,방법,소리,상상,시각,감사,추가,노트,취침,전후,90,선불,감사,셀프,하이파이브
자체,아침,이불,정리,말씀
방법,지금,고요
효과,생각,말씀
방법
여러분,상황
마찬가지,여러분,느낌,생각,변화,댓글
법칙,수분,시리즈,영상
말씀
말씀,이유,생각
방법,구독자,여러분
감사
지금,하와이,저택
방정식,사이,선생,대신,대신,의사,대입,연립,방정식,대의
방정식,좌변,인수,수분
이때,이식,전개
전개,상수,12,가루,전개,15
음악,la,verite,겨울,행복감,위너,크리스마스,wiseto,wakanawriter,위너,위너,어디,도리,월매,선데이
여자,다리,위도,시작,시간
우리,접아,중요,부분
그거
중요,나머지,정리,관련,이야기
어항,느낌,여러분,복습,나머지,나머지,시작,목숨,목숨
나머지,검산,다항식,시기,항등식
항쟁,수치,입법,계수,비법,이용,미정,기술,머릿속,정리
결국,나머지,나머지
3000,나머지,고아,우리,등식,서비스
아버지
나머지,나머지,일자,나머지,향수,서버,관련,나머지,종료,세요,나머지,전기,등식,시각,시기,대입,그거,나머지,함수,알파,나머지,fi,나머지,정리
중요,함수,위너
팩스
일로나,아버지,이영희,음악,나머지,대신,결과,얼마,음악,오늘,짜증,아버지,지구,입체,시작
음악
여러분,저번,시간,세지,사이트,플러스,ox,플러스,나머지,나머지,관람,황경식,나머지,그것,시간,필요
차례,영어,대입,나머지
액체,세제
저번,말씀,나머지,정리,나머지,차원,나머지,나머지,나머지,레지,구상,방법,자식,영어,여기,대입
오늘,시작,나머지,단가,녹두
선생
xs,제거,플러스,ox,플러스
우리,예전,공부
최고,창만,비교,여기,905
모두,에이트리,한데,플러스,제곱,ox,다음,비교,여기
마이라,백색,54,맥스,400,53,한데,시작
ex,얼마,시작,나머지,상수,차수
최고,체온계,스킬,비교,모델,ex,라이,ex,얼마,시작,사회,나머지,정리
얘기,마이라,플러스
처리,방법,이거,조이스
이거,시간
조립,설명
조립,방법,나무,대순환,방법,사람
아버지,방법,착란,삼창,회차,나머지,바닥,나머지,정리,재미,조기,처리
최고,계수,개점,시작,오후,11,다음,인자,여기,숫자,야당,또래
05,약속,하중,시작
시작
시작,여인
다음
다음
다음
다음
얘기,다음,방법,다음,여기,숫자,다음
다음
다음,숫자,여기,여기,이상,바이
다음,여기,여행,숫자,동안,마지막,숫자,나머지
마지막,숫자,나머지,고요,여기,여기,감옥,우리,대선,개수,여러분
시기
상수,개수,위치,re
제곱,플러스
이거,시작,조립,저희,방법,조립,중요
언제,승리,나머지,제시,방법
못가,나머지,15,나머지,버지,조립,말씀
얘기,frs,500,xx,플러스,나머지
선생,차관,아버지,중세,장식,보통,버블
생각
조립
최고,계속,서시,작사,여러분,사창,라면,상의,다음
영어,조심
아무
사창,계속,이창기,수일,상상
다음,개수
마지막,상승
여기,세라
경우,얼마
작사,이자,다음,21
20,아교,나이,35
70,애인,마지막,숫자,나머지,담당
여러분,소리
개선,시작,사회,세제곱,10,제곱,플러스,20,35
진다,세제곱,제곱,플러스,20,35,느낌,절약,시작,조리개,배역,조립,얘기
조리,얘기,얘기
이해,궁예,나머지,필요,등식
루시아
사이트,플러스,ox,ep,플러스,목숨
나머지,고파,나머지
치명
편리,조리,치명,약점
치명,약점,치명,약점,야매
여러분,치명,약점,묵가,나머지
서버,시저,다음,다음,다음,상승,위원,ex,시작,오페,이번,예고,화요,루프
이동,16,816,이자
여러분,문제
여러분,기업
외국
여러분,이야기,자당,이것,아빠,스테이,여울
모태,파지
그대,아이,여러분,gx,직업,액셀,free
ex
ex,제거,브라,시골,맞짱
여기
필요,필요
역시,직업
플라스크
생각,시작,예상,필요,300,플레이어
나머지,시자,목질,얘기
플러스,ex
심경,약점,나머지
여러분,제곱,플러스
플러스
가짜
발생,이것
우리,여기,여기,한마디,느낌
조립,조립,결과,힐러,신뢰,신뢰
여기
여기,바자,나머지,구요
나머지
등식,xl,생존,플러스,이퀄,다음,마시,이자,제곱,플러스,사람,나머지,마지막,시작,도래,완벽
해석,복식,나머지
문제,여기,예언
시계
문의,원상,복구
12,만족
각계,이후,원상,복구
어깨,미아,보고,나머지,결국,현경,제곱,플러스,이후,렉스,제고,플러시
나머지,문제,여기,조정
문장,이해
만약,문제,생각,무과,나머지,여러분,여기,자지,원칙,변화
목수,플러스
최종,결론,나라,이것,시작
여기,대입
시즌,저희,마지막,보정
개수,개수,역수,최종,총장
말씀
10,ceo,조립,치명,단점,진제,존재,느낌,해석
얘기
조리,이용,다음,다음,차시,고려,나머지,시작,닌자
영어
시작,나머지,시작,as
글러브,주세,이작,파일,과목
나머지,시작
채용,플러스,못가,나머지,여기,바람,어르신
고파,도안,얘기
시이,love,플러스,얘기,나머지,시작,최종
여러분,uj,작가
유지
유재,문제,색감,pd,여러분,10,보세,10,10,10
10,10,거기
얘기,여름,10,이유,10,어디
루시퍼,10,20,exs
ex,다음,300,54,포플러,시장,ex,플러스,시작,나머지,시대,아래,이것
최고,차용,개수,마지막,역수,era,임업,말씀,시작
고창,다음,시자,영우,창업자,다음,상수,황사
얘기,나머지,시작
시자,xl,제고
플러스,플러스,묵가,나머지,조리개,결과
여기,고기,국제
별거
기억,시계,소일,개수,베다,부정,마지막,역술,고파
원리,여러분,기억
이해,기억
대청,시작,제곱,ex,플러스,예단
여러분,이목,나머지,결국,예우,항쟁
이거,이거,상근,남쪽,얘기
시계,슬라브,이번,10,설명,이제,시간,잔소리
여러분,말씀,내용
까지,여러분,나머지,정리,관련,이야기
기본,핵심,문제,여러분,프로
여러분
우리,오빠,다음,단원
일쑤,인수,분해,정리
여러분,노파심,말씀,이거,중학생,간격,학교,학년,감자,중학생,재수생,자예
고려,과정,친구,강좌
완벽,강좌
대상,감자,내신,대비,큰일,고의,관점
수능,대비,학생,공부,한라
재생,예수,머리,문제
개념,완벽,여러분,단계,양건,강자,수학,왕도
학기,과정,이아영,수학,도산
사람,수업,신림,남자,신격,선생,수업
여자,이아영,ebs,갑자
그때,달러,말씀,오해
메이
해명,강자,수학,왕조,그거,파멸,대학교,학년
완벽,대비
학기,수학,왕도,그거,연아,집합,다음,명제,이쪽,파트,이하영
함수,파트,생의,마지막,경우,강의,공부,말씀
강좌,재수생,양한,가식,강좌,아이,말씀,인수,분해,여성,민소매,공부
중요,수분,수분,구체,수반,인수,정밀,이용
부분,등식,공부,다음,이수근
입주,정리,우리,전개,공식,이은숙,내고,마찬가지
작업,요구,고요,플러스,와이파이,제트,전체,누구,전개,방법,생각,다음,공식
다음,정도,연습
다음,여러분,공식,인쇄,방법,설명,정도
여러분,이거,정리
이자,xr,한번,telly,덱스,제고,이자,제곱,인수,분해,문제,아기,처리
이거
사실,얘기,냄새
조합,133,이것,기본
이유
프라
이쪽
문제,때때,이것,기본,핵심,문제,여러분,여러분,여기,이번,문제,언어,수분,사람,지구
에디스,아영
에이즈,소프트웨어,디스,문제,사람,아무
냄새
이거,냄새
야매,패자,지금,기회,의심
말씀
세제곱,교회,의심,이자,메뉴,52,세제곱,의심
이거
이와이,이상,오버,숫자,심의,애교,저거,마조
최종,플러스,이유
과정,의심,의심,리스,중요,세제곱
와인,전쟁,여기
문제,그거
치료
이드,접수,여기,그때,의심
요것
플러스,플라스틱,go,사망,자극,밑단,바이텐,제곱,파이,제곱,자료
예수,아이,유아,섹스,여기,이쪽,165,내라
당시
냄새
냄새
냄새
냄새,제곱,제곱,이것,신화,마음
엑셀,이브,직업,와이어,작업
지태,지금
택연,체제,연결부
원래,플러스,출발
제공
이거,이자,외주,사적,제곱,직업,ex,보프,처리,생간,냄새
냄새,냄새,놀이
사랑,그늘
10,소개
id
음악,ee,ee,음악,음악,son,here,음악,be,ok,득남,유리
음악,de,toute,la,vie,음악,음악,냄새,모습,이해,냄새,냄새,이것,냄새,냄새,고백,마지막,냄새,말씀,여러분,예수,분의,공식,인수,분해,방법,말씀
연습
예미
시간,인수,전개,공식,기억
감자,수레,자살자
플러스,가을,방법,여기
제곱,판매,제곱,xy,xy,플러스,제곱,연결부,플러스,성공
와인,시이,개인전,가로,방법,부바,주거비,와인,플러스,xy,제곱,제곱,플러스
이것
사망,사마,전체,27,이해,느낌,처리,얘기,시작,플러스,재원,방울,아끼,ii,타사,맥스,제모,완벽
여러분,비상,이치
냄새
이거,냄새
염료,포토,포엠
지급,플러스
플러스
이거
예전,예전,예전,파리
가로,정리
처리
소재,일반,여러분,대가식,에지
느낌,냄새,지그,큐브,아이리
선생,이번,마찬가지
마찬가지,국시원,이번,선생,최고급,경계,세제곱,여기,생각
냄새
다음
이것,노희영,오역,이거,안테,boiler,결과,영어
이해,세제,검색,그대
자극,인수,여기,도살자,인순이,아펙스,브라질,게임
다음,연결,보호,플라
다음,오페,서모,xps,플러스,다음,제국,파랑,결과,다음
더하기
제곱,ex,덱스,이거,플러스,크기
최종,느낌,처리,엘레,강스,정리,말씀,까지,공식,인수
오늘,마지막,이야기,그것,중요,여러분,칠판,실파
여러분,노래,따님,노래
책방,음악,un,초기,학창,시절,기용,개요,아카이브,폭탄,홍대,세대,투표,이만기
여러분,언플러그드,뮤직
막부,이쪽,융단,노래,여성,bj,레비,노래,피아노,기타,통기타,약제,해직
장범준
여수,버터,김건모,시간,피아노
피안,정권
노래,우리,ebs,여러분,여러분,추천,노래,오프닝,사용,kbs,방송국,저작,협약
정도,여러분,음악,분양,공감,마음,저희,그곳,이거,이거,이거
최선,보이,우선,여기
이거
이거
포인트,미라,여러분
가요
거기,저희,세탁소,말씀
이것,텍스트,얘기,이거,순간,이거,세탁,이거,이거,cm,핵심
이거,디자인,이닝,이거,디자인,얘기,시간,얘기,다음,얘기
fx,다리,이상,이날,시작,나머지
다음,시작,인수
얘기
배필,xml,슬론,아론,얘기
엄폐,교파,나머지,목숨,이래,나머지,다이,is,얘기,얘기
에프엑스
이거
일쑤,연결,각각,결국,플러스,usb,얘기,첨부,결과물,시작
여러분
인수,얘기,대입,나머지,시자,얘기
거지
거래,02,자라,얘기,fx,인수,인수,이야기
이거,사람
이거,예정
지점,일정,에다,에다,대입
얘기,fx,머리,인수,11,연기,fxx,10,일수,서영,얘기,에프엑스,시작,플러스,인수,레드,영대,아아,fx,플러스,일수,플러스,인수,마찬가지,그것,교화,fr,파이,제로,알파,대입,아이,데이
알파,대입,fx,알파,인수,이것,정리,인수,정리
오늘,여기,공부
정도,알파,대입,fx,인수,가능,거야
만약,대입,영대,fx,시작
시작,벅스,인수
여러분,바바,수분,아래
요거
데이트,여러분,여기,백스,대신,대입
신이,개입,502,얼마,모델,패턴,패턴,잊어,대입,인수,최종,완벽,결과,수준
이거
시작,여기
이거
이거
가버,시작,나머지
여러분,몫일,방법,저희,여기
조리,core,oc,이거,환자
여기,나머지,발병,자리,이거,오해
xg,클럽,재계
이창,개서,기상
미술
행복
이거,이인수,정도,영화,자식,예수,차시,질문,연결,질문
오염,얘기,인수,조립,이용,여러분,인생
최종
여러분
우리,예수
당시
다음,시간,여기,관련,문제,복서
수고
가지
수분
학교,지급,수분,제곱,이때,대각선,xy,ex,xy,다음,요사,맥스,다음,맥스,일치,유레카,주위
인수
여기,궁금증,입장
하필
일자
차익,우리,인수,분해,인수,분의,표현
제곱,수분,표현
아내,괄호,갈치,우리,추측
추측,시기,시기,우리,식과,시계,고비,추측
제곱,우리,xx,제곱,추측,다음,상수,이기,우리,이거,추측
사용,추출,아이
맥스,우리,추측
자금,확인,우리
다음
타일,플러스,xe,플러스,액수
이때,우리,추측,성공,인수,분해,완료,얘기
우리,학교,방법,선생,인수,설명,방법,선생,얘기,방법,차이
선생,가로,가로,과일
이번,세로
가로,괄호,세로,관로,차이점
제곱,추측,가로,xx,작도,세로,제곱,추측
xx
다음,더하기,추측,우리,추측,세로,추측
다음,맥스,추측,우리,시행,가루,버전
곡선,직선
국선도,직선
방법,우리,선생,인수,분해,방법
괄호,가루,세로,확인,작업,편리
위치,가루,세로,차이
학교
곡선,직선
2225,이루,케이크,베이스캠프,친구,안녕
오늘,친구,수원,여행,학생
음악,여러분,시간,우리,당시,다음,곱셈,계산,공식,계산,방법
오늘,도전
준비
수학여행
공부,내용,다음,인수,분해
인수,분해,영어,등장
인수,분해,우리,전개,다음,전개,복구
지금,핵심,먼저,수분,잉수,분해,인수,분회,여러분,인수
다음,이상,다항식,각각,처음,시계,인수
플러스,플러스,전개,제고,플러스,맥스,플러스
제고,플러스,맥스,플러스,다음,플러스,플러스,당시,플러스,플러스,제곱,플러스,플러스,인수
인수,여기,처음,등장
학년,소인수,단원,소인,인수,등장
인수,우리,약수,생각
인수,시계,인수,생각
다음,이상,당시,인수,분해
전개,이상,다항식,과정,의미,인수,분해,전개,반대,과정
예시,문제,인수,정확
플러스,제곱,플러스,당시,무엇
음소
이번,다항식,제공,분해,플러스,el
이번,당시,항해,공통,인수,경우,인수,문화
당시,각항,공통,인수,경우,공통,인수,괄호
블러,nb,ma,mba,항해,공통,인수,무엇
어미,공통,인수
애모,maa,비로,수분
mb,애모,로브,mla,과정,인수,분해,ma,과로,ma,mb,과정,전개
예제,인수,분해,연습,ex,플러스,인수,분해,ex,xy,공통,민수,넥스
ex
ex,블러
이번,제곱,플러스,ea,인수,공통,인수
제곱,대구,웨이
al
우디,내용,문제,확인
실력,실력,다지기,문제
다음,xy,플러스,인수,학생,문제
인수,무엇
당시,이상,다음,의식,처음,시기,인수
xy,플러스,의식,관찰,플러스
이번
xy,인수
플러스
플러스,변수
제고,플러스,인수
xin,플러스,플러스,플러스,플러스,플러스,인수,제곱,인수
문제
다음,조건,당시,수분,학생,문제
조건,인수,분해,공통,인수,루수,괄호,조건
제고,조건,수분,아이
조건
괄호,공통,이민수
이것,괄호,북어,ex,yl,조건,수분
이번,eb,플러스,abc,조건,수분,al,플러스,bc
조건
괄호,공통,인수
이것,괄호,북어,레이,조건,수분
제곱,제곱,조건,수분,플러스,제곱
조건
괄호,공통,인수
이것,괄호,북어,제곱,44,맥스,조건,수분
ab,제고,제곱,제곱,조건,수분,ab,제곱,ab
조건
괄호,공통,이민수
이것,괄호,복권,제곱,레이,조건,수분
요번,ab,작업,조건,수분,ab
이번,oc,공통,인수,조건,수분
정답
마지막,문제
다음,ab,제곱,인수,문제
제고,제곱,공통,인수,생각,최대공약수,사이고,ab,제고,인수,ab,제곱,인수동
공통,인수,ab
제고,my,lab,ab,제곱,사이비,모사,abl
정답,골반
음악,여러분,인수,분해,용어,등장,인수,다음,공통,인수,경우,인수
다음,시간,인수
내용,복습,다음,시간,도움,실력,다지기,문제,내용,정리
다음,시간
pc,이름,트라,케이크,베이스캠프,안녕
이번,동영상,인수,설명
동영상,설명,내용,시험
여러분,인수,분해,내용,이해,수학,단원,관계,이해,도움
인수,계산
설명,내용,이해,질문,시작
여러분,인수,공식,기본
인수,공식,여러분
이것,인수,분해
인수
인수,분의
시험
구체,질문,제곱,더하기,제곱,에이트,제곱,좌변,유두
여러분,이것,곱셈,법칙
법칙,우변,좌변
변이,동일,좌변,우변
공식,증명,이것,좌우,법칙
그때,인수,분해,공식,정명
다음,이준,공식,여러분
설명,마지막,질문,수분,동영상,설명
질문
이것,인수,내라,이것,인수,무엇,내용
인수,부분,인수,분해
동우,만보기
여기,인수,성분
인수,1248
이것,교과서,인수,약수
약수,숫자,약수,인수,머릿속,연결,문제
숫자,생각,인수,분해,숫자,자연수,생각
만약,분수,생각,인수,한정
인수,분해,정수,표시
이것,인수,분해,곱셈,법칙,이유
곱셈,법칙,결과,수분,결과,원인
동어,반복
수학,처음,동어,반복
여러분,소인수,분해,인수,소수,인수,분해
10,이어,제곱,소인수,분해
12,분해,이것,소인수,분해
인수,약속
이수,분해,시계,적용
시간
미지수,포함,경우,인지
시기,이식,파리,12,13
결국
수분,식도,인수,분해
인수,분해,정수,표시,인수,분해,분해,표시
인수,분해,공식,인수,분해,생각,인수,분해,공식,은수
연결,시기,연결,인수,분해,여러분,이것
인수,분해
마지막,로만,연결
인수,분해,표시
이식,인수,분해,완전
제곱,제곱,수분
인수,분해,소인수,분해,분해
질문,생각
그것,인숙
인수,분해
이것,계산
분수,소수점,자리,계산
인수,분해,가능,시기,단순
인수,부분,속성,계산,편리,도움
방정식,수분
그것,단박
여러분,계산,인수,분해,기능
질문
제곱,더하기,예비,제곱,의지,좌변,우변,과정
민수,분야,공부,공식,이것
수학,과정,설명
곱셈,공식,좌우,인수,분해,공식
등식,성립,공식,인수,분해,공식,자체,계산,과정
사람,해군,장교,이모부,설명
다음
과정,핵심,전체,약수,인숙
공통,인수,분해
제곱,형태,인수,핵심
처음,제기,의문,인수,공식,우리,문제,수분,다음,동영상,설명
이것,인수,분해,공식,질문
설명,인수,분해,기술,핵심,원리,설명
이번,동영상,도움
감사
음악,음악,개수,시기,인수,분해,상수,항의,항해,계수
상소,항의,두수,베일,개수
이때,인습,은혜
두수
이때,개수,경우,인습,은혜
상수,개수
고비,양수,양수,이거,다음,경우
문제
당시,수분,얼마
13
음악,음악,누구,수학,학생,여기,질문
수학,학생,인수,분해,61,제곱,플러스,462,숫자
숫자,연수,선생,우리
숫자
462,플러스
문제,어림,어림,알지,어림,누구,누구,생각
자리,402,자나,400,상식,생각,20,10,402,그지,오케이,19,20,402
이쪽,위쪽,플러스
402
차이,여기,선생,20,400
여기,짱구,생각
여기,22,오모,462
이거
플러스,22,20,플러스
인수,분해,선생,여기,20
여기,20,다음,이쪽,xx,여기,부가,플러스,여기,마이너스
대각선,수리
이거,어림,이용
얼음,이용,수분
플러스,22,21
유수
검사,우리,플러스,462,숫자,조금,작금,만다
머리,이상
코너,선생,여기,6000,제도,발상,50000,50000,oo
누구,필요
우리,56000,선생,300,300300,300,200,여기
어려움,좌전
56000,수분,발상,우리,80,부모,부어,요금,제도,위쪽,이쪽,위쪽,플러스,플러스,102
조절
조절,숫자,선생,282,생각,280,우리,280,에다,200,플러스,80,80
다음
개야,방목장
16224,56000
6002
이거
계산,16,이사,56000,피딩,대신,부가,대내,위쪽,고자,280,플러스,다음,200
다음,얼마,플러스,80,여기,xx,이거
문제,기본,우리,계산,플러스,280,다음,200,인수
문제,기자,암기,어림,수로,연습,인수,분해,문제,수분
인수
오전
주말
음악,222222,다음,인수,분해,우리,장원,장원,이수근,제자
이거,내용
보통,학기,단원,선생,우리,당원,방법
학기,공부,선생,인습,사람
문제,제곱,ex,플러스,플러스,예수,중요,인수,분해,중요,이유,우리,제자,고등학교,학년,시험,고등학교,공부
거기
인수
이거,우리
생체
이거,시험,생각
자한
우리,공식
이거
교과서,방법,착수,문자,중심,내림차순,정리
그것
선생,얘기,주인공,문자
주인공,모자,누구
차수,여기,제곱
제곱,한쪽,차수,거기,정리,누구,우리,자막,문자,문자,내림차순,정리
선생,내림차순,정리,착수,고등학생,제곱,ex
어디
정리,정리
제곱
제곱,개수
개수,진의,아무것,지네
문자,주인공,내림차순,정리,수치
수칙,프로스,xy,이거,이랑,플러스,아이,패딩,우리,상승,취급,세고,정리,단계,필요,중요,인수,분해,준비
선생,ox,주인공,정리
수치,파자
목숨,얘기
부패,증거,인숙
걱정
여기,인수,이거
우리,제곱
상하이,제곱,다음,ui,플러스,제곱
선생,우리,제작,채팅
아들
대구,비고,여기,전체,구조,구조,제곱,더하기,상수,다음,우리,대당,인생,음식,구조
우리,문자,와인,상수,보자,구치,다운
제곱,요건
파리,카프,파리
우리
여기,플러스,플러스,결국,플러스,제곱,완전,제곱,인숙
우리,장원
여러분
이번,시간,문자,인수,분해
문자,경우,학생,두께,공통
문자,경우,차례,정리
정리,xa,차수,해부
플러스,xi,루시,맥스
다음,다음,나머지
선수,지수,차례
oi,에서,차례,문자,정리
시기
키드
시기
플러스
정리,플러스,저희,공통,인수,인수,분해,이용
nx
nx
다음
수요
다음,음수
관리,원고,제고,플러스,oi,플러스
가지,분배,법칙,구어,확인
수분,가능
우리,차시,예술,분야
여기,너희,경우
가운데,계획,하고초,인수,가능
민수,플러스,괄호,우리,확인,가로
요거,조심
플러스,플러스,인수,분양,이해
모양,어디,모양
모양,우리,예수,분야,국정원,제곱,플러스,플러스,ap
여기,숫자,문자
마찬가지,지금,경우
요거,인숙,여기,ab,계산,다음,가운데,확인,계산
여기,여기,여기,전투
exey,플러스,22
괄호
음수,음수
여기
여기,플러스,플러스
음수,음수,이거
와인,양수,양수,음수
여기
요거,계산,와인,완료
모양
인수,분해
최종,정담
플러스,플러스,푸르,요리,조처,조심
정의
감사
음악
