,stopword
0,음악
1,가까스로
2,가량
3,가령
4,가민
5,가민커넥트
6,가슴
7,가슴살
8,각
9,가지
10,각각
11,각자
12,각종
13,갖고말하자면
14,같다
15,같이
16,개발
17,개발자
18,개별로
19,개월
20,개의치않고
21,거기
22,거니와
23,거바
24,거의
25,건데
26,건지
27,걸까요
28,걸로
29,것
30,것과 같이
31,것들
32,게다가
33,게요
34,게우다
35,겨우
36,견지에서
37,결과에 이르다
38,결국
39,결론을 낼 수 있다
40,겸사겸사
41,경우
42,계속
43,고감
44,고로
45,곧
46,고려하면
47,고민
48,고생
49,고요
50,공동으로
51,과
52,과연
53,관계가 있다
54,관련
55,관련이 있다
56,관리자
57,관한
58,관하여
59,관해서는
60,구
61,구글플레이스토어
62,구체적으로
63,구토하다
64,귀차 니즘
65,귀차니즘
66,그
67,그거
68,그건
69,그걸
70,그걸로
71,그것
72,그게
73,그곳
74,그날
75,그동안
76,그들
77,그때
78,그래
79,그래도
80,그래서
81,그램
82,그러나
83,그러니
84,그러니까
85,그러면
86,그러므로
87,그러한즉
88,그럼
89,그렇게 함으로써
90,그렇지
91,그렇지만
92,그리고
93,그리하여
94,그에 따르는
95,그위에
96,그인
97,그저
98,그중에서
99,근거로
100,근거하여
101,금요일
102,기능
103,기대여
104,기모
105,기점으로
106,기준으로
107,기타
108,기프
109,까닭으로
110,까악
111,까지 미치다
112,까지도
113,꽈당
114,끙끙
115,끼익
116,나
117,나름
118,나머지는
119,나세
120,나용
121,나이키
122,나중
123,난리
124,남들
125,남자
126,남짓
127,내게
128,내요
129,내일
130,너
131,너희
132,너희들
133,네
134,넷
135,네요
136,넷째
137,년
138,논하지 않다
139,누가
140,누가 알겠는가
141,누구
142,누군가
143,눔
144,느낌
145,니다
146,니스
147,니즘
148,다노
149,다른
150,다른 방면으로
151,다리
152,다만
153,다섯
154,다소
155,다수
156,다시 말하자면
157,다시말하면
158,다신
159,다운
160,다음
161,다음에
162,다음으로
163,다행
164,단지
165,달째
166,답니다
167,답다
168,답변
169,답장
170,당신
171,당장
172,대로
173,대로 하다
174,대박
175,대부분
176,대신
177,대하면
178,대하여
179,대해 말하자면
180,대해서
181,댕그
182,더구나
183,더군다나
184,더라도
185,더불어
186,더욱더
187,더욱이는
188,덕분
189,데이
190,도달하다
191,도로
192,도장
193,도중
194,도착하다
195,돈모
196,동시에
197,동안
198,돼지
199,된바에야
200,된이상
201,둘
202,두번째로
203,둘째
204,둥둥
205,뒤따라
206,뒤이어
207,드림
208,드립
209,든간에
210,들
211,듯이
212,등
213,등등
214,딩동
215,딱
216,따라
217,따라서
218,따위
219,따지지 않다
220,때
221,때가 되어
222,때문
223,때문에
224,또
225,또한
226,뚝뚝
227,라 해도
228,라이
229,라이크핏
230,런데이
231,런키퍼
232,려고
233,령
234,로
235,로 인하여
236,로부터
237,로써
238,륙
239,를
240,립니
241,립도
242,마니
243,마보
244,마음대로
245,마이
246,마저
247,마저도
248,마지막
249,마찬가지
250,마치
251,막론하고
252,만약
253,만약에
254,만은 아니다
255,만이 아니다
256,만일
257,만점
258,만큼
259,만큼어찌됏든
260,많이
261,말하자면
262,매
263,매번
264,머리
265,먼가
266,멘트
267,며칠
268,몇
269,며칠
270,몇일
271,모
272,모두
273,모우
274,무렵
275,무릎쓰고
276,무슨
277,무언가
278,무엇
279,무엇때문에
280,물론
281,뭔가
282,뭔지
283,뭘까요
284,미스핏
285,및
286,바꾸어말하면
287,바꾸어말하자면
288,바꾸어서 말하면
289,바꾸어서 한다면
290,바꿔 말하면
291,바로
292,바와같이
293,바이탈리티
294,반대로 말하자면
295,반드시
296,발신
297,방학
298,버금
299,버니
300,버전
301,번창
302,벌기
303,베리
304,별개
305,별거
306,보가
307,보는데서
308,보다더
309,보드득
310,보통
311,복부
312,본대로
313,본인
314,봐
315,봐라
316,부류의 사람들
317,부분
318,부정사
319,부터
320,분도
321,불구하고
322,불문하고
323,붕붕
324,비걱거리다
325,비교적
326,비길수 없다
327,비로소
328,비록
329,비슷하다
330,비추
331,비추어 보아
332,비하면
333,뿐만 아니라
334,뿐만아니라
335,사
336,사람
337,사실
338,사용
339,사합
340,사항
341,삼
342,삼성
343,삼성헬스
344,상단
345,상대
346,상대적으로 말하자면
347,생각
348,생각한대로
349,샤오미
350,서비스
351,서요
352,서울
353,석조
354,설령
355,설마
356,설사
357,셋
358,세븐
359,세상
360,셋째
361,소비자
362,소생
363,소소
364,소인
365,솨
366,수고
367,수도
368,수십
369,수요일
370,순간
371,순토
372,쉿
373,스마트
374,스텝업
375,스트라바
376,슬라이드
377,습니까
378,습니다
379,시가
380,시각
381,시간
382,시분
383,시일
384,시작하여
385,시초에
386,시키다
387,식스
388,식스팩
389,실로
390,실수
391,실제
392,실화
393,심지어
394,아
395,아니
396,아니라면
397,아니면
398,아니었다면
399,아래
400,아래윗
401,아무
402,아무것
403,아무거나
404,아무도
405,아버님
406,아버지
407,아보카도
408,아부지
409,아빠
410,아야
411,아연
412,아이
413,앗
414,아영
415,아울러
416,아이고
417,아이구
418,아이린
419,아이야
420,아이쿠
421,아침
422,아하
423,아홉
424,안 그러면
425,안녕
426,안함
427,않기 위하여
428,않기 위해서
429,알 수 있다
430,알았어
431,앞에서
432,앞의것
433,애니핏
434,애용
435,애초
436,애플리케이션
437,야
438,약간
439,양자
440,어
441,어기여차
442,어느
443,어느 년도
444,어느것
445,어느곳
446,어느때
447,어느쪽
448,어느해
449,어디
450,어때
451,어떻해
452,어머니
453,어머님
454,어무님
455,어이
456,어제
457,어째서
458,어쨋든
459,어쩔수 없다
460,어찌
461,어찌됏어
462,어찌하든지
463,어찌하여
464,언니
465,언제
466,언젠가
467,얼마
468,얼마 안 되는 것
469,얼마간
470,얼마나
471,얼마든지
472,얼마만큼
473,얼마큼
474,엄마
475,업체
476,엉엉
477,에
478,에 가서
479,에 달려 있다
480,에 대해
481,에 있다
482,에 한하다
483,에게
484,에서
485,여
486,여기
487,영
488,여덟
489,여러분
490,여름
491,여보시오
492,여부
493,여섯
494,여자
495,여전히
496,여차
497,연관되다
498,연이서
499,염호
500,영
501,영차
502,옆사람
503,예
504,예고
505,예를 들면
506,예를 들자면
507,예전
508,예컨대
509,예하면
510,옛날
511,오
512,오늘
513,오랜만
514,오로지
515,오르다
516,오른쪽
517,오브
518,오자마자
519,오전
520,오직
521,오호
522,오후
523,오히려
524,올해
525,와
526,와 같은 사람들
527,와르르
528,와아
529,와우
530,완전
531,왜
532,왜냐하면
533,외에도
534,왼쪽
535,요거
536,요만큼
537,요만한 것
538,요만한걸
539,요번
540,요일
541,요즘
542,요컨대
543,우르르
544,우리
545,우리들
546,우분
547,우선
548,우에 종합한것과같이
549,우왕
550,우울
551,운운
552,워킹패드
553,원래
554,원이
555,월
556,월드
557,월요일
558,월일
559,위에서 서술한바와같이
560,위즈
561,위하여
562,위해서
563,윙윙
564,육
565,유사소
566,으로
567,으로 인하여
568,으로서
569,으로써
570,은근
571,을
572,응
573,응당
574,의
575,의거하여
576,의지하여
577,의해
578,의해되다
579,의해서
580,이
581,이 되다
582,이 때문에
583,이 밖에
584,이 외에
585,이 정도의
586,이거
587,이건
588,이걸
589,이걸로
590,이것
591,이것저것
592,이게
593,이곳
594,이닝
595,이때
596,이래
597,이러한
598,이런
599,이러이러하다
600,이럴정도로
601,이렇게 많은 것
602,이렇게되면
603,이렇게말하자면
604,이렇구나
605,이와같다면
606,이용하여
607,일
608,이라면
609,이로 인하여
610,이르기까지
611,이리하여
612,이만큼
613,이번
614,이봐
615,이상
616,이어서
617,이었다
618,이와 같다
619,이와 같은
620,이와 반대로
621,이외
622,이외에도
623,이용
624,이유만으로
625,이전
626,이제
627,이젠
628,이지만
629,이쪽
630,이천구
631,이천육
632,이천칠
633,이천팔
634,이타
635,이틀
636,이후
637,인 듯하다
638,인간
639,인대
640,인데
641,인생
642,인젠
643,일
644,일것이다
645,일곱
646,일단
647,일때
648,일반
649,일반적으로
650,일방
651,일부
652,일석
653,일시
654,일요일
655,일전
656,일주
657,일주일
658,일지라도
659,일차
660,일후
661,임에 틀림없다
662,입각하여
663,입장에서
664,잇따라
665,있다
666,자
667,자기
668,자기집
669,자네
670,자마자
671,자분
672,자신
673,자요
674,자체
675,작심삼일
676,작자
677,잠깐
678,잠시
679,장난
680,장점
681,저
682,저것
683,저것만큼
684,저기
685,저번
686,저질
687,저쪽
688,저희
689,전반
690,전부
691,전신
692,전자
693,전체
694,전후
695,절대
696,점에서 보아
697,정도
698,정도에 이르다
699,정식
700,제
701,제각기
702,제발
703,제외하고
704,제작자
705,조금
706,졸졸
707,좀
708,종일
709,좍좍
710,주간
711,주룩주룩
712,주심
713,주일
714,주저하지 않고
715,줄은모른다
716,중간
717,중에서
718,중의하나
719,즈음하여
720,즉
721,즉시
722,지경
723,지금
724,지든지
725,지만
726,지말고
727,지요
728,진심
729,진짜
730,진짜로
731,쪽으로
732,찬데
733,참
734,처음
735,천보
736,첫날
737,첫번째로
738,첫째
739,쳇
740,총적으로
741,총적으로 말하면
742,총적으로 보면
743,최근
744,출시
745,칠
746,캐슬
747,캐시슬라이드
748,캐시워크
749,코아
750,코인스텝
751,콸콸
752,쾅쾅
753,쿵
754,타다
755,타인
756,탕탕
757,태산
758,터리
759,테크
760,텐데
761,토요일
762,토하다
763,통하여
764,툭
765,투게더
766,퉤
767,트라
768,틈타
769,티콘
770,팍
771,팔
772,팔뚝
773,퍽
774,펄렁
775,평소
776,평일
777,프로
778,플렝
779,플로
780,핏데이
781,하
782,하게될것이다
783,하게하다
784,하겠는가
785,하고 있다
786,하고있었다
787,하곤하였다
788,하구나
789,하기 때문에
790,하기 위하여
791,하기는한데
792,하기만 하면
793,하기보다는
794,하기에
795,하나
796,하나멤버스
797,하느니
798,하는 김에
799,하는것도
800,하는바
801,하더라도
802,하도다
803,하도록시키다
804,하도록하다
805,하든지
806,하려고하다
807,하루
808,하마터면
809,하면 할수록
810,하면된다
811,하면서
812,하물며
813,하여금
814,하여야
815,하자마자
816,하하
817,학교
818,한 까닭에
819,한 이유는
820,한 후
821,한국
822,한달
823,한다면
824,한다면 몰라도
825,한데
826,한동안
827,한마디
828,한적이있다
829,한참
830,한켠으로는
831,한항목
832,할 따름이다
833,할 생각이다
834,할 줄 안다
835,할 지경이다
836,할 힘이 있다
837,할때
838,할만
839,할만하다
840,할망정
841,할뿐
842,할수있다
843,할수있어
844,할줄알다
845,할지라도
846,할지언정
847,함께
848,해당
849,해도된다
850,해도좋다
851,해보
852,해봐요
853,해서는 안된다
854,해야한다
855,해요
856,했어요
857,향하다
858,향하여
859,향해서
860,허
861,허걱
862,헉
863,허벅지
864,허허
865,헉헉
866,헐떡헐떡
867,헬창
868,현재
869,형식으로 쓰여
870,혹시
871,혹은
872,혼자
873,화요일
874,화웨이
875,효과
876,훨씬
877,휘익
878,휴
879,흐흐
880,흥
881,힘입어
882,는데
883,아요
884,어요
885,어서
886,하고
887,입니다
888,해서
889,있어서
890,까지
891,합니다
892,하게
893,하는데
894,이나
895,에는
896,아주
897,열심히
898,하면
899,있고
900,있는
901,마다
902,있습니다
903,있어
904,있어요
905,되는
906,이라
907,되면
908,한번
909,처럼
910,보다
911,매일
912,했는데
913,수가
914,친구
915,니까
916,그냥
917,이에요
918,매우
919,보니
920,이고
921,있었는데
922,에서는
923,으로도
924,나와서
925,에요
926,한테
927,통해
928,건가
929,리리
930,이네
931,좀더
932,라는
933,린지
934,너무
935,같아요
936,꾸준히
937,이랑
938,나서
939,살이
940,부위
941,하면
942,인거
943,해줘서
944,핏데이
945,코인스텝
946,캐시슬라이드
947,스트라바
948,미스핏
949,런키퍼
950,런데이
951,라이크핏
952,다노
953,이것
954,그것
955,때문
956,그때
957,건가요
958,이걸로
959,이닝
960,하나
961,자분
962,리리
963,평소
964,주세요
965,만큼
966,물마
967,이번
968,지금
969,자체
970,이후
971,아웃
972,테크
973,워크
974,처음
975,하나
976,이거
977,부분
978,그거
979,가지
980,그게
981,정도
982,가위바위보
983,이걸로
984,걸로
985,이걸
986,이것
987,나름
988,때문
989,주작
990,정도
991,덕분
992,자체
993,그때
994,저희
995,이거
996,이게
997,동안
998,어제
999,예전
1000,뭔가
1001,계속
1002,동안
1003,건지
1004,거기
1005,주세요
1006,버니
1007,가지
1008,이후
1009,건가요
1010,정도
1011,가요
1012,아무것
1013,이걸로
1014,그것
1015,이건
1016,저번
1017,뭔가요
1018,박인정
1019,이틀
1020,때문
1021,만요
1022,원래
1023,천보
1024,이틀
1025,이거
1026,건지
1027,처음
1028,여기
1029,가지
1030,이
1031,있
1032,아
1033,휴
1034,아이구
1035,아이쿠
1036,아이고
1037,어
1038,나
1039,우리
1040,저희
1041,따라
1042,의해
1043,을
1044,를
1045,에
1046,의
1047,가
1048,으로
1049,로
1050,에게
1051,뿐이다
1052,의거하여
1053,근거하여
1054,입각하여
1055,기준으로
1056,예하면
1057,예를 들면
1058,예를 들자면
1059,저
1060,소인
1061,소생
1062,저희
1063,지말고
1064,하지마
1065,하지마라
1066,다른
1067,물론
1068,또한
1069,그리고
1070,비길수 없다
1071,해서는 안된다
1072,뿐만 아니라
1073,만이 아니다
1074,만은 아니다
1075,막론하고
1076,관계없이
1077,그치지 않다
1078,그러나
1079,그런데
1080,하지만
1081,든간에
1082,논하지 않다
1083,따지지 않다
1084,설사
1085,비록
1086,더라도
1087,아니면
1088,만 못하다
1089,하는 편이 낫다
1090,불문하고
1091,향하여
1092,향해서
1093,향하다
1094,쪽으로
1095,틈타
1096,이용하여
1097,타다
1098,오르다
1099,제외하고
1100,이 외에
1101,이 밖에
1102,하여야
1103,비로소
1104,한다면 몰라도
1105,외에도
1106,이곳
1107,여기
1108,부터
1109,기점으로
1110,따라서
1111,할 생각이다
1112,하려고하다
1113,이리하여
1114,그리하여
1115,그렇게 함으로써
1116,하지만
1117,일때
1118,할때
1119,앞에서
1120,중에서
1121,보는데서
1122,으로써
1123,로써
1124,까지
1125,해야한다
1126,일것이다
1127,반드시
1128,할줄알다
1129,할수있다
1130,할수있어
1131,임에 틀림없다
1132,한다면
1133,등
1134,등등
1135,제
1136,겨우
1137,단지
1138,다만
1139,할뿐
1140,딩동
1141,댕그
1142,대해서
1143,대하여
1144,대하면
1145,훨씬
1146,얼마나
1147,얼마만큼
1148,얼마큼
1149,남짓
1150,여
1151,얼마간
1152,약간
1153,다소
1154,좀
1155,조금
1156,다수
1157,몇
1158,얼마
1159,지만
1160,하물며
1161,또한
1162,그러나
1163,그렇지만
1164,하지만
1165,이외에도
1166,대해 말하자면
1167,뿐이다
1168,다음에
1169,반대로
1170,반대로 말하자면
1171,이와 반대로
1172,바꾸어서 말하면
1173,바꾸어서 한다면
1174,만약
1175,그렇지않으면
1176,까악
1177,툭
1178,딱
1179,삐걱거리다
1180,보드득
1181,비걱거리다
1182,꽈당
1183,응당
1184,해야한다
1185,에 가서
1186,각
1187,각각
1188,여러분
1189,각종
1190,각자
1191,제각기
1192,하도록하다
1193,와
1194,과
1195,그러므로
1196,그래서
1197,고로
1198,한 까닭에
1199,하기 때문에
1200,거니와
1201,이지만
1202,대하여
1203,관하여
1204,관한
1205,과연
1206,실로
1207,아니나다를가
1208,생각한대로
1209,진짜로
1210,한적이있다
1211,하곤하였다
1212,하
1213,하하
1214,허허
1215,아하
1216,거바
1217,와
1218,오
1219,왜
1220,어째서
1221,무엇때문에
1222,어찌
1223,하겠는가
1224,무슨
1225,어디
1226,어느곳
1227,더군다나
1228,하물며
1229,더욱이는
1230,어느때
1231,언제
1232,야
1233,이봐
1234,어이
1235,여보시오
1236,흐흐
1237,흥
1238,휴
1239,헉헉
1240,헐떡헐떡
1241,영차
1242,여차
1243,어기여차
1244,끙끙
1245,아야
1246,앗
1247,아야
1248,콸콸
1249,졸졸
1250,좍좍
1251,뚝뚝
1252,주룩주룩
1253,솨
1254,우르르
1255,그래도
1256,또
1257,그리고
1258,바꾸어말하면
1259,바꾸어말하자면
1260,혹은
1261,혹시
1262,답다
1263,및
1264,그에 따르는
1265,때가 되어
1266,즉
1267,지든지
1268,설령
1269,가령
1270,하더라도
1271,할지라도
1272,일지라도
1273,지든지
1274,몇
1275,거의
1276,하마터면
1277,인젠
1278,이젠
1279,된바에야
1280,된이상
1281,만큼
1282,어찌됏든
1283,그위에
1284,게다가
1285,점에서 보아
1286,비추어 보아
1287,고려하면
1288,하게될것이다
1289,일것이다
1290,비교적
1291,좀
1292,보다더
1293,비하면
1294,시키다
1295,하게하다
1296,할만하다
1297,의해서
1298,연이서
1299,이어서
1300,잇따라
1301,뒤따라
1302,뒤이어
1303,결국
1304,의지하여
1305,기대여
1306,통하여
1307,자마자
1308,더욱더
1309,불구하고
1310,얼마든지
1311,마음대로
1312,주저하지 않고
1313,곧
1314,즉시
1315,바로
1316,당장
1317,하자마자
1318,밖에 안된다
1319,하면된다
1320,그래
1321,그렇지
1322,요컨대
1323,다시 말하자면
1324,바꿔 말하면
1325,즉
1326,구체적으로
1327,말하자면
1328,시작하여
1329,시초에
1330,이상
1331,허
1332,헉
1333,허걱
1334,바와같이
1335,해도좋다
1336,해도된다
1337,게다가
1338,더구나
1339,하물며
1340,와르르
1341,팍
1342,퍽
1343,펄렁
1344,동안
1345,이래
1346,하고있었다
1347,이었다
1348,에서
1349,로부터
1350,까지
1351,예하면
1352,했어요
1353,해요
1354,함께
1355,같이
1356,더불어
1357,마저
1358,마저도
1359,양자
1360,모두
1361,습니다
1362,가까스로
1363,하려고하다
1364,즈음하여
1365,다른
1366,다른 방면으로
1367,해봐요
1368,습니까
1369,했어요
1370,말할것도 없고
1371,무릎쓰고
1372,개의치않고
1373,하는것만 못하다
1374,하는것이 낫다
1375,매
1376,매번
1377,들
1378,모
1379,어느것
1380,어느
1381,로써
1382,갖고말하자면
1383,어디
1384,어느쪽
1385,어느것
1386,어느해
1387,어느 년도
1388,라 해도
1389,언젠가
1390,어떤것
1391,어느것
1392,저기
1393,저쪽
1394,저것
1395,그때
1396,그럼
1397,그러면
1398,요만한걸
1399,그래
1400,그때
1401,저것만큼
1402,그저
1403,이르기까지
1404,할 줄 안다
1405,할 힘이 있다
1406,너
1407,너희
1408,당신
1409,어찌
1410,설마
1411,차라리
1412,할지언정
1413,할지라도
1414,할망정
1415,할지언정
1416,구토하다
1417,게우다
1418,토하다
1419,메쓰겁다
1420,옆사람
1421,퉤
1422,쳇
1423,의거하여
1424,근거하여
1425,의해
1426,따라
1427,힘입어
1428,그
1429,다음
1430,버금
1431,두번째로
1432,기타
1433,첫번째로
1434,나머지는
1435,그중에서
1436,견지에서
1437,형식으로 쓰여
1438,입장에서
1439,위해서
1440,단지
1441,의해되다
1442,하도록시키다
1443,뿐만아니라
1444,반대로
1445,전후
1446,전자
1447,앞의것
1448,잠시
1449,잠깐
1450,하면서
1451,그렇지만
1452,다음에
1453,그러한즉
1454,그런즉
1455,남들
1456,아무거나
1457,어찌하든지
1458,같다
1459,비슷하다
1460,예컨대
1461,이럴정도로
1462,어떻게
1463,만약
1464,만일
1465,위에서
1466,인 듯하다
1467,하지 않는다면
1468,만약에
1469,무엇
1470,무슨
1471,어느
1472,어떤
1473,아래윗
1474,조차
1475,한데
1476,그럼에도 불구하고
1477,여전히
1478,심지어
1479,까지도
1480,조차도
1481,하지 않도록
1482,않기 위하여
1483,때
1484,시각
1485,무렵
1486,시간
1487,동안
1488,어때
1489,어떠한
1490,하여금
1491,네
1492,예
1493,우선
1494,누구
1495,누가 알겠는가
1496,아무도
1497,줄은모른다
1498,줄은 몰랏다
1499,하는 김에
1500,겸사겸사
1501,하는바
1502,그런 까닭에
1503,한 이유는
1504,그러니
1505,그러니까
1506,때문에
1507,그
1508,너희
1509,그들
1510,너희들
1511,타인
1512,것
1513,것들
1514,너
1515,위하여
1516,공동으로
1517,동시에
1518,하기 위하여
1519,어찌하여
1520,무엇때문에
1521,붕붕
1522,윙윙
1523,나
1524,우리
1525,엉엉
1526,휘익
1527,윙윙
1528,오호
1529,아하
1530,어쨋든
1531,만 못하다
1532,하기보다는
1533,차라리
1534,하는 편이 낫다
1535,흐흐
1536,놀라다
1537,말하자면
1538,마치
1539,아니라면
1540,쉿
1541,그렇지 않으면
1542,그렇지 않다면
1543,안 그러면
1544,아니었다면
1545,하든지
1546,아니면
1547,이라면
1548,좋아
1549,알았어
1550,하는것도
1551,그만이다
1552,어쩔수 없다
1553,하나
1554,일
1555,일반적으로
1556,일단
1557,한켠으로는
1558,오자마자
1559,이렇게되면
1560,이와같다면
1561,전부
1562,한마디
1563,한항목
1564,근거로
1565,하기에
1566,아울러
1567,하지 않도록
1568,않기 위해서
1569,이르기까지
1570,이 되다
1571,로 인하여
1572,까닭으로
1573,이유만으로
1574,이로 인하여
1575,그래서
1576,이 때문에
1577,그러므로
1578,그런 까닭에
1579,알 수 있다
1580,결론을 낼 수 있다
1581,으로 인하여
1582,있다
1583,어떤것
1584,관계가 있다
1585,관련이 있다
1586,연관되다
1587,어떤것들
1588,에 대해
1589,이리하여
1590,그리하여
1591,여부
1592,하기보다는
1593,하느니
1594,하면 할수록
1595,운운
1596,이러이러하다
1597,하구나
1598,하도다
1599,다시말하면
1600,다음으로
1601,에 있다
1602,에 달려 있다
1603,우리
1604,우리들
1605,오히려
1606,하기는한데
1607,어떻게
1608,어떻해
1609,어찌됏어
1610,어때
1611,어째서
1612,본대로
1613,자
1614,이
1615,이쪽
1616,여기
1617,이것
1618,이번
1619,이렇게말하자면
1620,이런
1621,이러한
1622,이와 같은
1623,요만큼
1624,요만한 것
1625,얼마 안 되는 것
1626,이만큼
1627,이 정도의
1628,이렇게 많은 것
1629,이와 같다
1630,이때
1631,이렇구나
1632,것과 같이
1633,끼익
1634,삐걱
1635,따위
1636,와 같은 사람들
1637,부류의 사람들
1638,왜냐하면
1639,중의하나
1640,오직
1641,오로지
1642,에 한하다
1643,하기만 하면
1644,도착하다
1645,까지 미치다
1646,도달하다
1647,정도에 이르다
1648,할 지경이다
1649,결과에 이르다
1650,관해서는
1651,여러분
1652,하고 있다
1653,한 후
1654,혼자
1655,자기
1656,자기집
1657,자신
1658,우에 종합한것과같이
1659,총적으로 보면
1660,총적으로 말하면
1661,총적으로
1662,대로 하다
1663,으로서
1664,참
1665,그만이다
1666,할 따름이다
1667,쿵
1668,탕탕
1669,쾅쾅
1670,둥둥
1671,봐
1672,봐라
1673,아이야
1674,아니
1675,와아
1676,응
1677,아이
1678,참나
1679,년
1680,월
1681,일
1682,령
1683,영
1684,일
1685,이
1686,삼
1687,사
1688,오
1689,육
1690,륙
1691,칠
1692,팔
1693,구
1694,이천육
1695,이천칠
1696,이천팔
1697,이천구
1698,하나
1699,둘
1700,셋
1701,넷
1702,다섯
1703,여섯
1704,일곱
1705,여덟
1706,아홉
1707,령
1708,영
1709,음악
